Div,Date,HomeTeam,AwayTeam,FTHG,FTAG,FTR,HTHG,HTAG,HTR,Referee,HS,AS,HST,AST,HF,AF,HC,AC,HY,AY,HR,AR,B365H,B365D,B365A,BWH,BWD,BWA,IWH,IWD,IWA,LBH,LBD,LBA,PSH,PSD,PSA,WHH,WHD,WHA,VCH,VCD,VCA,Bb1X2,BbMxH,BbAvH,BbMxD,BbAvD,BbMxA,BbAvA,BbOU,BbMx>2.5,BbAv>2.5,BbMx<2.5,BbAv<2.5,BbAH,BbAHh,BbMxAHH,BbAvAHH,BbMxAHA,BbAvAHA,JocH,JocD,JocA
E0,2015-08-08,Bournemouth,Aston Villa,0.0,1.0,A,0.0,0.0,D,M Clattenburg,11.0,7.0,2.0,3.0,13.0,13.0,6.0,3.0,3.0,4.0,0.0,0.0,2.0,3.6,4.0,2.0,3.3,3.7,2.1,3.3,3.3,2.05,3.3,4.0,1.95,3.65,4.27,1.91,3.5,4.0,2.0,3.5,4.2,45.0,2.1,1.96,3.65,3.48,4.33,3.98,43.0,2.11,2.02,1.88,1.79,26.0,-0.5,1.98,1.93,1.99,1.92,1.88,3.25,3.65
E0,2015-08-08,Chelsea,Swansea,2.0,2.0,D,2.0,1.0,H,M Oliver,11.0,18.0,3.0,10.0,15.0,16.0,4.0,8.0,1.0,3.0,1.0,0.0,1.36,5.0,11.0,1.4,4.75,9.0,1.33,4.8,8.3,1.4,4.5,10.0,1.39,4.92,10.39,1.4,4.0,10.0,1.4,5.0,9.5,45.0,1.43,1.37,5.0,4.66,11.26,9.57,43.0,1.88,1.8,2.07,1.99,27.0,-1.5,2.24,2.16,1.8,1.73,1.26,4.70,9.50
E0,2015-08-08,Everton,Watford,2.0,2.0,D,0.0,1.0,A,M Jones,10.0,11.0,5.0,5.0,7.0,13.0,8.0,2.0,1.0,2.0,0.0,0.0,1.7,3.9,5.5,1.7,3.5,5.0,1.7,3.6,4.7,1.75,3.8,5.0,1.7,3.95,5.62,1.73,3.5,5.0,1.73,3.9,5.4,45.0,1.75,1.69,4.0,3.76,5.77,5.25,44.0,1.93,1.84,2.03,1.96,26.0,-1.0,2.28,2.18,1.76,1.71,1.55,3.75,5.00
E0,2015-08-08,Leicester,Sunderland,4.0,2.0,H,3.0,0.0,H,L Mason,19.0,10.0,8.0,5.0,13.0,17.0,6.0,3.0,2.0,4.0,0.0,0.0,1.95,3.5,4.33,2.0,3.3,3.75,2.0,3.3,3.6,2.0,3.4,4.2,1.99,3.48,4.34,2.0,3.1,2.7,2.0,3.4,4.33,45.0,2.03,1.96,3.5,3.37,4.52,4.06,43.0,2.27,2.18,1.73,1.67,26.0,-0.5,2.0,1.95,1.96,1.9,1.82,3.30,3.85
E0,2015-08-08,Man United,Tottenham,1.0,0.0,H,1.0,0.0,H,J Moss,9.0,9.0,1.0,4.0,12.0,12.0,1.0,2.0,2.0,3.0,0.0,0.0,1.65,4.0,6.0,1.65,4.0,5.5,1.65,3.6,5.1,1.67,4.0,5.5,1.65,4.09,5.9,1.62,3.6,6.0,1.67,4.0,5.75,42.0,1.71,1.63,4.2,3.9,6.5,5.65,40.0,1.86,1.79,2.13,2.01,26.0,-1.0,2.2,2.09,1.82,1.78,1.50,3.85,5.40
E0,2015-08-08,Norwich,Crystal Palace,1.0,3.0,A,0.0,1.0,A,S Hooper,17.0,11.0,6.0,7.0,14.0,20.0,1.0,4.0,1.0,0.0,0.0,0.0,2.55,3.3,3.0,2.6,3.2,2.7,2.4,3.2,2.85,2.62,3.2,2.9,2.52,3.35,3.08,2.6,3.1,2.88,2.6,3.25,3.0,45.0,2.63,2.53,3.42,3.21,3.11,2.92,43.0,2.25,2.18,1.75,1.67,27.0,0.0,1.83,1.78,2.17,2.08,2.38,3.05,2.75
E0,2015-08-09,Arsenal,West Ham,0.0,2.0,A,0.0,1.0,A,M Atkinson,22.0,8.0,6.0,4.0,12.0,9.0,5.0,4.0,1.0,3.0,0.0,0.0,1.29,6.0,12.0,1.28,5.75,10.5,1.33,4.8,8.3,1.29,5.5,12.0,1.31,5.75,12.0,1.3,5.0,11.0,1.3,5.75,12.0,45.0,1.33,1.29,6.16,5.53,12.0,10.75,39.0,1.71,1.64,2.3,2.22,27.0,-1.5,1.96,1.89,2.06,1.96,1.22,5.20,10.00
E0,2015-08-09,Newcastle,Southampton,2.0,2.0,D,1.0,1.0,D,C Pawson,9.0,15.0,4.0,5.0,9.0,12.0,6.0,6.0,2.0,4.0,0.0,0.0,2.88,3.3,2.7,2.8,3.1,2.75,2.65,3.3,2.5,2.88,3.3,2.6,2.88,3.33,2.69,2.7,3.1,2.7,2.88,3.25,2.7,45.0,2.88,2.79,3.47,3.23,2.76,2.63,43.0,2.23,2.14,1.8,1.7,27.0,0.0,2.06,1.98,1.92,1.87,2.65,3.05,2.45
E0,2015-08-09,Stoke,Liverpool,0.0,1.0,A,0.0,0.0,D,A Taylor,7.0,8.0,1.0,3.0,9.0,16.0,3.0,5.0,2.0,4.0,0.0,0.0,3.4,3.4,2.3,3.2,3.4,2.3,2.9,3.3,2.3,3.4,3.3,2.3,3.48,3.46,2.25,3.3,3.1,2.3,3.4,3.4,2.3,45.0,3.51,3.33,3.51,3.33,2.35,2.24,43.0,2.15,2.06,1.82,1.75,26.0,0.25,2.0,1.95,1.96,1.91,3.20,3.20,2.05
E0,2015-08-10,West Brom,Man City,0.0,3.0,A,0.0,2.0,A,M Dean,9.0,19.0,2.0,7.0,12.0,9.0,6.0,6.0,4.0,1.0,0.0,0.0,5.75,4.0,1.67,4.75,4.0,1.65,5.1,3.6,1.65,5.5,3.75,1.67,5.75,3.98,1.68,5.5,3.5,1.7,5.5,4.0,1.7,41.0,6.5,5.46,4.1,3.85,1.72,1.66,40.0,1.84,1.77,2.15,2.04,26.0,1.0,1.78,1.74,2.24,2.14,5.10,3.75,1.54
E0,2015-08-14,Aston Villa,Man United,0.0,1.0,A,0.0,1.0,A,M Dean,5.0,9.0,1.0,2.0,14.0,10.0,3.0,5.0,2.0,2.0,0.0,0.0,5.5,3.8,1.73,5.0,3.75,1.75,5.0,3.6,1.67,5.5,3.6,1.73,5.66,3.83,1.72,5.5,3.6,1.75,5.5,3.8,1.75,42.0,6.0,5.37,4.0,3.67,1.76,1.71,40.0,2.19,2.11,1.79,1.71,26.0,0.75,2.01,1.95,1.96,1.91,5.40,3.70,1.52
E0,2015-08-15,Southampton,Everton,0.0,3.0,A,0.0,2.0,A,M Oliver,17.0,10.0,4.0,4.0,11.0,10.0,9.0,9.0,4.0,2.0,0.0,0.0,1.95,3.6,4.33,1.95,3.5,4.1,2.1,3.2,3.4,2.0,3.3,4.33,1.98,3.6,4.21,2.0,3.25,4.0,2.0,3.5,4.33,45.0,2.1,1.95,3.68,3.45,4.5,4.09,43.0,2.23,2.16,1.76,1.68,28.0,-0.5,1.98,1.92,1.99,1.93,1.75,3.30,4.20
E0,2015-08-15,Sunderland,Norwich,1.0,3.0,A,0.0,2.0,A,K Friend,6.0,19.0,2.0,6.0,7.0,7.0,6.0,6.0,1.0,2.0,0.0,0.0,2.5,3.3,3.1,2.5,3.1,3.2,2.3,3.3,2.9,2.4,3.3,3.1,2.52,3.35,3.08,2.5,3.0,3.0,2.55,3.2,3.13,45.0,2.6,2.47,3.4,3.2,3.2,3.01,43.0,2.37,2.26,1.69,1.63,27.0,0.0,1.8,1.75,2.18,2.12,2.30,3.10,2.82
E0,2015-08-15,Swansea,Newcastle,2.0,0.0,H,1.0,0.0,H,M Jones,19.0,4.0,6.0,2.0,11.0,8.0,4.0,4.0,2.0,1.0,0.0,1.0,1.95,3.6,4.33,1.95,3.5,3.7,1.9,3.45,3.8,1.95,3.5,4.2,1.94,3.66,4.3,1.95,3.2,4.33,1.95,3.6,4.33,45.0,2.01,1.92,3.7,3.51,4.33,4.11,44.0,2.01,1.94,1.96,1.86,28.0,-0.5,1.95,1.91,2.0,1.94,1.85,3.30,3.70
E0,2015-08-15,Tottenham,Stoke,2.0,2.0,D,2.0,0.0,H,R Madley,13.0,16.0,7.0,7.0,15.0,11.0,4.0,3.0,2.0,2.0,0.0,0.0,1.8,3.75,5.0,1.8,3.7,4.1,1.7,3.6,4.7,1.8,3.75,4.75,1.79,3.75,5.09,1.8,3.3,5.0,1.8,3.7,5.0,45.0,1.84,1.77,3.93,3.66,5.1,4.8,44.0,2.0,1.93,1.94,1.87,27.0,-0.75,2.03,1.97,1.93,1.88,1.60,3.60,4.75
E0,2015-08-15,Watford,West Brom,0.0,0.0,D,0.0,0.0,D,P Tierney,16.0,6.0,5.0,0.0,13.0,10.0,2.0,4.0,1.0,2.0,0.0,0.0,2.3,3.4,3.4,2.3,3.2,3.1,2.4,3.2,2.85,2.3,3.4,3.2,2.25,3.41,3.54,2.3,3.2,3.2,2.3,3.3,3.5,45.0,2.4,2.25,3.51,3.3,3.54,3.33,43.0,2.22,2.12,1.78,1.71,27.0,-0.25,1.96,1.91,2.01,1.94,2.10,3.10,3.20
E0,2015-08-15,West Ham,Leicester,1.0,2.0,A,0.0,2.0,A,A Taylor,10.0,11.0,3.0,6.0,11.0,12.0,8.0,4.0,1.0,3.0,1.0,0.0,2.25,3.5,3.4,2.25,3.2,3.5,2.2,3.3,3.1,2.25,3.4,3.3,2.25,3.52,3.42,2.3,3.2,3.2,2.25,3.5,3.4,45.0,2.35,2.25,3.52,3.36,3.5,3.27,44.0,1.97,1.9,2.0,1.9,27.0,-0.25,1.98,1.92,1.99,1.93,2.08,3.30,3.05
E0,2015-08-16,Crystal Palace,Arsenal,1.0,2.0,A,1.0,1.0,D,L Mason,11.0,20.0,4.0,7.0,14.0,12.0,6.0,6.0,1.0,1.0,0.0,0.0,5.25,3.9,1.73,5.0,3.75,1.75,4.7,3.6,1.7,5.0,3.75,1.75,5.34,3.97,1.72,5.0,3.5,1.75,5.2,3.8,1.75,45.0,5.5,5.0,4.2,3.78,1.8,1.71,44.0,1.9,1.84,2.03,1.96,27.0,0.75,2.01,1.95,1.95,1.91,4.75,3.70,1.58
E0,2015-08-16,Man City,Chelsea,3.0,0.0,H,1.0,0.0,H,M Atkinson,18.0,10.0,8.0,3.0,19.0,13.0,5.0,1.0,4.0,2.0,0.0,0.0,2.1,3.5,3.75,2.1,3.4,3.7,2.1,3.3,3.3,2.1,3.4,3.75,2.08,3.56,3.87,2.15,3.2,3.6,2.1,3.5,3.9,43.0,2.17,2.09,3.56,3.4,3.9,3.66,42.0,2.05,1.98,1.88,1.82,28.0,-0.5,2.12,2.06,1.87,1.81,1.88,3.30,3.60
E0,2015-08-17,Liverpool,Bournemouth,1.0,0.0,H,1.0,0.0,H,C Pawson,18.0,13.0,2.0,2.0,11.0,18.0,6.0,8.0,1.0,4.0,0.0,0.0,1.45,4.75,8.0,1.48,4.75,7.25,1.4,4.4,7.3,1.45,4.5,7.5,1.44,4.74,8.6,1.5,4.2,6.5,1.45,4.75,8.5,43.0,1.5,1.44,5.0,4.46,8.6,7.71,42.0,1.83,1.75,2.2,2.05,25.0,-1.0,1.76,1.72,2.26,2.17,1.36,4.30,6.90
E0,2015-08-22,Crystal Palace,Aston Villa,2.0,1.0,H,0.0,0.0,D,K Stroud,16.0,11.0,6.0,2.0,12.0,15.0,6.0,4.0,3.0,3.0,0.0,0.0,1.85,3.6,4.75,1.85,3.5,4.1,1.9,3.4,3.9,1.85,3.5,4.5,1.85,3.63,4.89,1.85,3.4,4.5,1.85,3.6,4.8,41.0,1.9,1.83,3.7,3.52,4.89,4.52,39.0,2.16,2.08,1.81,1.73,27.0,-0.5,1.87,1.83,2.09,2.03,1.78,3.30,4.00
E0,2015-08-22,Leicester,Tottenham,1.0,1.0,D,0.0,0.0,D,M Atkinson,13.0,19.0,2.0,6.0,7.0,14.0,2.0,7.0,1.0,4.0,0.0,0.0,2.63,3.6,2.75,2.65,3.3,2.65,2.6,3.2,2.6,2.7,3.4,2.7,2.69,3.52,2.75,2.7,3.1,2.7,2.7,3.5,2.7,41.0,2.8,2.63,3.6,3.38,2.8,2.67,36.0,1.88,1.78,2.09,1.97,27.0,0.0,1.96,1.9,2.01,1.93,2.47,3.30,2.47
E0,2015-08-22,Man United,Newcastle,0.0,0.0,D,0.0,0.0,D,C Pawson,20.0,7.0,8.0,0.0,15.0,11.0,11.0,5.0,2.0,2.0,0.0,0.0,1.36,5.25,10.0,1.36,5.0,9.25,1.35,4.8,7.6,1.36,5.0,9.5,1.39,5.15,9.62,1.36,5.0,8.0,1.36,5.0,10.5,39.0,1.4,1.36,5.25,4.91,10.5,8.9,37.0,1.81,1.74,2.15,2.06,26.0,-1.25,1.91,1.87,2.04,1.99,1.29,4.50,8.60
E0,2015-08-22,Norwich,Stoke,1.0,1.0,D,1.0,1.0,D,M Dean,21.0,6.0,7.0,1.0,16.0,5.0,9.0,0.0,4.0,1.0,0.0,0.0,2.3,3.3,3.5,2.35,3.2,3.0,2.4,3.2,2.85,2.4,3.3,3.2,2.34,3.39,3.37,2.3,3.2,3.1,2.38,3.3,3.4,41.0,2.4,2.3,3.4,3.27,3.5,3.22,39.0,2.22,2.14,1.76,1.69,26.0,-0.25,2.02,1.97,1.94,1.89,2.20,3.10,2.95
E0,2015-08-22,Sunderland,Swansea,1.0,1.0,D,0.0,1.0,A,N Swarbrick,10.0,20.0,2.0,9.0,16.0,9.0,3.0,4.0,4.0,2.0,0.0,0.0,4.0,3.4,2.1,3.5,3.25,2.1,3.3,3.3,2.1,4.0,3.25,2.1,3.79,3.45,2.14,3.75,3.2,2.1,4.0,3.3,2.1,40.0,4.1,3.74,3.6,3.33,2.14,2.07,39.0,2.25,2.18,1.74,1.67,26.0,0.5,1.84,1.8,2.14,2.06,3.55,3.20,1.93
E0,2015-08-22,West Ham,Bournemouth,3.0,4.0,A,0.0,2.0,A,J Moss,10.0,15.0,4.0,7.0,8.0,11.0,5.0,4.0,0.0,0.0,1.0,0.0,2.38,3.4,3.2,2.35,3.4,3.1,2.2,3.2,3.2,2.38,3.4,3.2,2.43,3.44,3.15,2.4,3.1,3.1,2.38,3.4,3.2,41.0,2.41,2.34,3.5,3.35,3.3,3.09,40.0,1.98,1.9,1.96,1.89,26.0,-0.25,2.08,2.01,1.89,1.84,2.20,3.20,2.90
E0,2015-08-23,Everton,Man City,0.0,2.0,A,0.0,0.0,D,A Taylor,10.0,16.0,1.0,9.0,5.0,7.0,8.0,7.0,0.0,3.0,0.0,0.0,5.0,4.0,1.73,4.4,3.75,1.73,4.7,3.6,1.7,5.0,4.0,1.73,4.85,4.08,1.76,5.0,3.5,1.75,5.0,4.0,1.75,38.0,5.0,4.72,4.2,3.92,1.77,1.73,36.0,1.73,1.66,2.3,2.2,26.0,0.75,1.96,1.92,1.99,1.93,4.45,3.80,1.60
E0,2015-08-23,Watford,Southampton,0.0,0.0,D,0.0,0.0,D,A Marriner,13.0,14.0,0.0,5.0,10.0,11.0,5.0,2.0,0.0,2.0,0.0,0.0,2.8,3.3,2.75,2.65,3.25,2.6,2.6,3.2,2.6,2.75,3.3,2.7,2.76,3.36,2.78,2.7,3.1,2.7,2.8,3.3,2.75,41.0,2.8,2.7,3.5,3.25,2.8,2.7,39.0,2.2,2.13,1.78,1.7,27.0,0.0,1.96,1.91,1.99,1.93,2.60,3.10,2.47
E0,2015-08-23,West Brom,Chelsea,2.0,3.0,A,1.0,3.0,A,M Clattenburg,15.0,15.0,6.0,5.0,9.0,12.0,8.0,7.0,2.0,1.0,0.0,1.0,6.5,4.0,1.62,5.25,3.8,1.62,5.1,3.6,1.65,6.0,3.75,1.67,6.25,3.93,1.65,6.0,3.4,1.67,6.25,3.9,1.65,40.0,6.5,5.93,4.2,3.79,1.67,1.62,39.0,2.15,2.07,1.8,1.74,26.0,0.75,2.11,2.04,1.87,1.82,6.00,3.70,1.48
E0,2015-08-24,Arsenal,Liverpool,0.0,0.0,D,0.0,0.0,D,M Oliver,19.0,15.0,5.0,8.0,2.0,13.0,7.0,8.0,1.0,4.0,0.0,0.0,1.75,4.0,5.0,1.75,3.75,5.0,1.8,3.5,4.2,1.75,3.75,5.0,1.74,4.0,5.12,1.73,3.5,5.0,1.73,4.0,5.2,38.0,1.8,1.72,4.0,3.82,5.2,4.9,37.0,1.84,1.77,2.15,2.02,24.0,-0.5,1.74,1.7,2.28,2.21,1.57,3.75,4.75
E0,2015-08-29,Aston Villa,Sunderland,2.0,2.0,D,2.0,1.0,H,R Madley,21.0,7.0,6.0,3.0,10.0,14.0,5.0,4.0,2.0,1.0,0.0,0.0,1.91,3.5,4.75,1.91,3.6,4.4,1.9,3.45,3.8,1.95,3.5,4.2,1.93,3.51,4.62,1.91,3.2,4.5,1.95,3.4,4.6,40.0,1.95,1.89,3.7,3.42,4.75,4.38,38.0,2.34,2.22,1.7,1.64,26.0,-0.5,1.95,1.89,2.02,1.96,1.73,3.25,4.40
E0,2015-08-29,Bournemouth,Leicester,1.0,1.0,D,1.0,0.0,H,N Swarbrick,5.0,4.0,2.0,2.0,9.0,19.0,4.0,4.0,2.0,4.0,0.0,0.0,2.2,3.6,3.4,2.2,3.3,3.2,2.2,3.2,3.2,2.2,3.4,3.4,2.15,3.63,3.57,2.2,3.2,3.4,2.15,3.5,3.6,40.0,2.25,2.14,3.63,3.48,3.6,3.38,39.0,1.91,1.86,2.03,1.94,25.0,-0.25,1.88,1.84,2.08,2.02,1.98,3.35,3.25
E0,2015-08-29,Chelsea,Crystal Palace,1.0,2.0,A,0.0,0.0,D,C Pawson,26.0,13.0,9.0,6.0,9.0,15.0,7.0,7.0,1.0,1.0,0.0,0.0,1.36,5.0,11.0,1.36,4.75,7.75,1.33,4.8,8.3,1.36,5.0,10.0,1.37,5.26,10.17,1.36,4.5,9.5,1.36,5.0,10.5,40.0,1.4,1.35,5.26,4.94,11.0,9.38,37.0,1.75,1.68,2.25,2.15,25.0,-1.5,2.12,2.05,1.85,1.81,1.26,4.85,8.75
E0,2015-08-29,Liverpool,West Ham,0.0,3.0,A,0.0,2.0,A,K Friend,13.0,12.0,1.0,5.0,17.0,11.0,5.0,7.0,3.0,1.0,1.0,1.0,1.36,5.5,9.0,1.36,5.0,7.25,1.4,4.4,7.3,1.4,5.0,9.0,1.36,5.28,10.21,1.36,4.5,9.5,1.36,5.4,9.5,40.0,1.4,1.36,5.5,4.99,10.21,9.06,37.0,1.74,1.68,2.3,2.17,26.0,-1.5,2.1,2.02,1.88,1.84,1.27,4.75,8.60
E0,2015-08-29,Man City,Watford,2.0,0.0,H,0.0,0.0,D,M Clattenburg,18.0,7.0,5.0,0.0,9.0,12.0,9.0,3.0,1.0,2.0,0.0,0.0,1.2,8.0,15.0,1.2,7.0,10.5,1.2,5.8,13.0,1.22,7.0,13.0,1.19,8.0,17.75,1.22,6.0,13.0,1.2,8.0,15.0,40.0,1.25,1.19,8.0,7.15,17.75,14.45,39.0,1.4,1.37,3.15,2.98,26.0,-2.0,1.95,1.9,2.0,1.95,1.12,6.70,14.00
E0,2015-08-29,Newcastle,Arsenal,0.0,1.0,A,0.0,0.0,D,A Marriner,1.0,22.0,0.0,9.0,15.0,8.0,0.0,9.0,6.0,1.0,1.0,0.0,6.0,4.2,1.62,5.5,3.75,1.62,5.0,3.9,1.6,5.5,4.0,1.67,6.13,4.21,1.61,6.0,3.6,1.62,6.25,4.2,1.6,39.0,6.25,5.7,4.21,3.99,1.7,1.61,38.0,1.87,1.8,2.1,2.0,24.0,1.0,1.86,1.81,2.12,2.06,5.25,3.90,1.50
E0,2015-08-29,Stoke,West Brom,0.0,1.0,A,0.0,1.0,A,M Oliver,13.0,15.0,5.0,5.0,4.0,9.0,6.0,5.0,1.0,4.0,2.0,0.0,1.95,3.4,4.5,1.95,3.3,4.0,2.0,3.3,3.6,2.0,3.4,4.0,1.95,3.5,4.5,1.95,3.25,4.2,1.93,3.5,4.6,40.0,2.0,1.93,3.5,3.39,4.6,4.22,38.0,2.31,2.23,1.71,1.64,26.0,-0.5,1.96,1.92,1.99,1.93,1.75,3.25,4.25
E0,2015-08-29,Tottenham,Everton,0.0,0.0,D,0.0,0.0,D,M Jones,20.0,8.0,6.0,3.0,20.0,9.0,6.0,2.0,4.0,1.0,0.0,0.0,2.0,3.5,4.2,1.95,3.4,3.75,2.0,3.3,3.6,2.0,3.5,4.0,1.97,3.72,4.09,2.0,3.25,4.0,1.93,3.7,4.2,40.0,2.0,1.94,3.72,3.53,4.33,3.98,39.0,1.89,1.83,2.05,1.96,26.0,-0.5,1.97,1.92,1.98,1.93,1.78,3.40,3.90
E0,2015-08-30,Southampton,Norwich,3.0,0.0,H,1.0,0.0,H,J Moss,23.0,6.0,8.0,1.0,4.0,12.0,6.0,4.0,0.0,0.0,0.0,1.0,2.05,3.5,4.0,2.05,3.4,3.5,1.9,3.45,3.8,2.05,3.4,3.8,2.05,3.54,4.0,2.05,3.25,3.8,2.05,3.5,4.0,40.0,2.07,2.01,3.6,3.44,4.1,3.82,39.0,2.1,2.01,1.85,1.79,26.0,-0.5,2.06,2.01,1.9,1.85,1.84,3.25,3.80
E0,2015-08-30,Swansea,Man United,2.0,1.0,H,0.0,0.0,D,M Atkinson,9.0,11.0,4.0,4.0,6.0,15.0,0.0,1.0,2.0,2.0,0.0,0.0,3.6,3.3,2.25,3.2,3.2,2.25,3.2,3.2,2.2,3.4,3.3,2.25,3.55,3.45,2.23,3.5,3.0,2.25,3.6,3.4,2.2,40.0,3.7,3.42,3.5,3.31,2.27,2.19,38.0,2.2,2.08,1.83,1.74,25.0,0.25,2.03,1.98,1.93,1.88,3.15,3.15,2.08
E0,2015-09-12,Arsenal,Stoke,2.0,0.0,H,1.0,0.0,H,J Moss,29.0,9.0,12.0,4.0,6.0,13.0,13.0,1.0,1.0,1.0,0.0,0.0,1.29,6.0,12.0,1.3,5.5,9.75,1.3,5.0,9.0,1.3,5.5,12.0,1.28,6.12,13.0,1.3,5.0,11.0,1.3,5.75,12.0,36.0,1.3,1.27,6.13,5.71,13.0,11.27,28.0,1.68,1.63,2.33,2.25,24.0,-1.5,1.87,1.8,2.12,2.05,1.18,5.60,11.50
E0,2015-09-12,Crystal Palace,Man City,0.0,1.0,A,0.0,0.0,D,M Jones,10.0,21.0,2.0,7.0,13.0,13.0,4.0,4.0,2.0,3.0,0.0,0.0,5.5,4.2,1.67,5.25,3.9,1.67,5.4,3.7,1.6,5.25,4.0,1.67,5.75,4.16,1.65,5.5,3.8,1.62,5.5,4.2,1.65,36.0,6.0,5.44,4.25,4.05,1.67,1.62,30.0,1.67,1.63,2.35,2.27,25.0,1.0,1.82,1.78,2.16,2.09,5.25,4.05,1.48
E0,2015-09-12,Everton,Chelsea,3.0,1.0,H,2.0,1.0,H,A Marriner,14.0,15.0,9.0,2.0,12.0,12.0,7.0,14.0,2.0,2.0,0.0,0.0,4.0,3.6,2.0,3.75,3.5,2.0,3.6,3.3,2.0,4.0,3.4,2.0,4.11,3.57,2.01,4.0,3.1,2.05,4.1,3.6,2.0,37.0,4.11,3.91,3.7,3.45,2.05,1.99,32.0,2.05,1.99,1.89,1.82,25.0,0.5,1.93,1.88,2.03,1.97,3.85,3.35,1.80
E0,2015-09-12,Man United,Liverpool,3.0,1.0,H,0.0,0.0,D,M Oliver,9.0,8.0,3.0,4.0,6.0,11.0,4.0,4.0,1.0,2.0,0.0,0.0,2.0,3.4,4.33,2.0,3.2,4.33,1.85,3.45,4.0,2.0,3.4,4.2,1.94,3.49,4.56,1.95,3.4,4.5,1.95,3.5,4.33,37.0,2.0,1.93,3.55,3.41,4.59,4.27,31.0,2.22,2.13,1.77,1.7,24.0,-0.5,1.96,1.92,2.0,1.93,1.80,3.25,4.00
E0,2015-09-12,Norwich,Bournemouth,3.0,1.0,H,1.0,0.0,H,M Atkinson,12.0,7.0,4.0,2.0,10.0,11.0,4.0,4.0,2.0,3.0,0.0,0.0,2.4,3.4,3.2,2.4,3.4,2.75,2.3,3.3,2.9,2.4,3.4,3.1,2.36,3.48,3.23,2.4,3.1,3.1,2.4,3.4,3.2,36.0,2.41,2.33,3.51,3.36,3.23,3.11,32.0,1.98,1.91,1.99,1.89,23.0,-0.25,2.04,1.99,1.91,1.87,2.15,3.25,2.95
E0,2015-09-12,Watford,Swansea,1.0,0.0,H,0.0,0.0,D,R Madley,17.0,8.0,6.0,3.0,11.0,14.0,1.0,3.0,1.0,1.0,1.0,0.0,2.75,3.4,2.75,2.7,3.2,2.7,2.6,3.2,2.6,2.75,3.25,2.75,2.75,3.34,2.8,2.75,3.0,2.75,2.7,3.3,2.88,36.0,2.77,2.68,3.4,3.23,2.9,2.74,31.0,2.24,2.13,1.76,1.7,24.0,0.0,1.95,1.89,2.01,1.95,2.55,3.10,2.50
E0,2015-09-12,West Brom,Southampton,0.0,0.0,D,0.0,0.0,D,S Attwell,8.0,14.0,1.0,4.0,5.0,5.0,4.0,5.0,1.0,0.0,0.0,0.0,3.2,3.2,2.5,2.8,3.2,2.5,2.65,3.3,2.5,3.2,3.1,2.5,3.21,3.26,2.49,3.1,3.0,2.5,3.3,3.2,2.45,36.0,3.24,3.09,3.3,3.16,2.5,2.45,30.0,2.49,2.35,1.65,1.58,23.0,0.25,1.85,1.81,2.12,2.06,3.00,3.05,2.22
E0,2015-09-13,Leicester,Aston Villa,3.0,2.0,H,0.0,1.0,A,M Dean,21.0,11.0,6.0,4.0,8.0,13.0,4.0,5.0,2.0,1.0,0.0,0.0,1.91,3.75,4.33,1.91,3.4,4.0,1.85,3.45,4.0,1.85,3.6,4.5,1.86,3.74,4.62,1.91,3.3,4.33,1.87,3.7,4.6,37.0,1.95,1.86,3.8,3.58,4.62,4.32,33.0,2.0,1.91,1.95,1.89,24.0,-0.5,1.89,1.85,2.08,2.01,1.72,3.40,4.20
E0,2015-09-13,Sunderland,Tottenham,0.0,1.0,A,0.0,0.0,D,C Pawson,12.0,15.0,2.0,4.0,11.0,12.0,6.0,8.0,2.0,1.0,0.0,0.0,4.33,3.6,1.95,3.75,3.4,1.95,3.6,3.3,2.0,4.0,3.6,1.95,4.32,3.65,1.94,4.2,3.25,1.95,4.4,3.6,1.93,37.0,4.41,4.14,3.65,3.49,2.0,1.92,33.0,2.01,1.95,1.92,1.85,24.0,0.5,2.01,1.95,1.94,1.9,4.10,3.35,1.75
E0,2015-09-14,West Ham,Newcastle,2.0,0.0,H,1.0,0.0,H,A Taylor,17.0,14.0,3.0,4.0,8.0,11.0,6.0,7.0,0.0,2.0,0.0,0.0,2.25,3.5,3.4,2.25,3.4,3.0,2.1,3.3,3.3,2.25,3.4,3.4,2.23,3.53,3.48,2.25,3.1,3.4,2.25,3.5,3.4,35.0,2.27,2.19,3.6,3.41,3.48,3.33,31.0,1.95,1.89,1.97,1.91,22.0,0.0,1.63,1.58,2.51,2.42,2.05,3.25,3.15
E0,2015-09-19,Aston Villa,West Brom,0.0,1.0,A,0.0,1.0,A,M Atkinson,13.0,11.0,3.0,6.0,10.0,11.0,2.0,7.0,2.0,3.0,0.0,0.0,2.3,3.25,3.5,2.3,3.1,3.25,2.3,3.2,3.0,2.3,3.25,3.3,2.32,3.23,3.57,2.3,3.2,3.2,2.3,3.2,3.6,40.0,2.33,2.28,3.27,3.2,3.6,3.36,33.0,2.48,2.37,1.61,1.57,24.0,-0.25,1.98,1.93,1.98,1.93,2.08,3.05,3.30
E0,2015-09-19,Bournemouth,Sunderland,2.0,0.0,H,2.0,0.0,H,K Friend,15.0,9.0,5.0,2.0,14.0,15.0,7.0,3.0,2.0,4.0,0.0,1.0,1.7,4.0,5.5,1.72,3.7,4.6,1.75,3.5,4.5,1.73,3.75,5.25,1.71,3.99,5.35,1.73,3.6,5.0,1.7,3.9,5.5,40.0,1.75,1.7,4.0,3.79,5.5,5.14,36.0,1.93,1.87,2.03,1.93,24.0,-0.75,1.95,1.9,2.01,1.96,1.58,3.60,4.90
E0,2015-09-19,Chelsea,Arsenal,2.0,0.0,H,0.0,0.0,D,M Dean,22.0,9.0,7.0,2.0,12.0,11.0,5.0,5.0,3.0,1.0,0.0,2.0,2.45,3.5,3.0,2.4,3.5,3.0,2.3,3.2,3.0,2.5,3.4,3.0,2.45,3.51,3.06,2.4,3.1,3.1,2.4,3.5,3.1,40.0,2.5,2.41,3.52,3.38,3.24,2.97,35.0,1.86,1.78,2.12,2.02,24.0,-0.25,2.11,2.05,1.85,1.82,2.28,3.30,2.70
E0,2015-09-19,Man City,West Ham,1.0,2.0,A,1.0,2.0,A,R Madley,27.0,6.0,8.0,3.0,10.0,7.0,16.0,3.0,1.0,2.0,0.0,0.0,1.29,6.5,11.0,1.28,6.0,10.5,1.25,5.5,10.3,1.25,6.5,12.0,1.27,6.45,12.78,1.29,5.0,12.0,1.25,6.5,13.0,40.0,1.29,1.26,6.57,6.08,13.0,11.33,34.0,1.4609999999999999,1.44,2.88,2.71,25.0,-1.5,1.77,1.73,2.21,2.17,1.16,6.00,12.00
E0,2015-09-19,Newcastle,Watford,1.0,2.0,A,0.0,2.0,A,R East,15.0,13.0,5.0,4.0,8.0,12.0,5.0,5.0,1.0,2.0,0.0,0.0,2.5,3.3,3.1,2.5,3.2,2.8,2.4,3.3,2.75,2.45,3.4,3.1,2.54,3.36,3.04,2.5,3.2,2.9,2.5,3.3,3.13,40.0,2.55,2.47,3.48,3.25,3.13,2.97,35.0,2.25,2.17,1.74,1.68,25.0,0.0,1.81,1.76,2.2,2.11,2.30,3.10,2.82
E0,2015-09-19,Stoke,Leicester,2.0,2.0,D,2.0,0.0,H,A Marriner,11.0,12.0,4.0,5.0,7.0,12.0,3.0,4.0,1.0,4.0,0.0,0.0,2.5,3.4,3.0,2.5,3.2,2.8,2.4,3.2,2.85,2.5,3.4,3.0,2.47,3.41,3.1,2.5,3.0,3.0,2.45,3.4,3.13,40.0,2.5,2.43,3.42,3.3,3.13,2.98,35.0,2.09,2.03,1.84,1.77,24.0,0.0,1.77,1.73,2.21,2.15,2.32,3.15,2.75
E0,2015-09-19,Swansea,Everton,0.0,0.0,D,0.0,0.0,D,S Attwell,12.0,17.0,3.0,2.0,12.0,11.0,2.0,4.0,2.0,2.0,0.0,1.0,2.3,3.4,3.4,2.3,3.2,3.1,2.3,3.2,3.0,2.25,3.4,3.4,2.3,3.44,3.4,2.3,3.2,3.2,2.25,3.4,3.4,40.0,2.34,2.26,3.47,3.33,3.41,3.27,35.0,2.08,2.03,1.87,1.78,24.0,-0.25,1.98,1.93,1.97,1.92,2.07,3.20,3.15
E0,2015-09-20,Liverpool,Norwich,1.0,1.0,D,0.0,0.0,D,A Taylor,23.0,7.0,7.0,2.0,4.0,13.0,6.0,2.0,1.0,2.0,0.0,0.0,1.67,4.0,5.75,1.67,3.8,5.5,1.55,3.9,5.6,1.67,3.8,5.5,1.68,3.94,5.81,1.67,3.6,5.5,1.67,4.0,5.75,40.0,1.68,1.64,4.1,3.86,6.0,5.54,36.0,1.92,1.86,2.03,1.93,25.0,-1.0,2.26,2.16,1.77,1.73,1.53,3.70,5.30
E0,2015-09-20,Southampton,Man United,2.0,3.0,A,1.0,1.0,D,M Clattenburg,15.0,10.0,8.0,3.0,6.0,13.0,5.0,5.0,2.0,0.0,0.0,0.0,3.1,3.3,2.5,3.2,3.2,2.4,3.0,3.2,2.3,3.1,3.2,2.5,3.22,3.3,2.46,3.0,3.0,2.5,3.2,3.2,2.5,40.0,3.25,3.06,3.32,3.19,2.5,2.44,33.0,2.36,2.28,1.67,1.62,24.0,0.0,2.26,2.17,1.76,1.72,3.00,3.05,2.22
E0,2015-09-20,Tottenham,Crystal Palace,1.0,0.0,H,0.0,0.0,D,M Oliver,22.0,12.0,6.0,4.0,9.0,11.0,6.0,5.0,1.0,2.0,0.0,0.0,2.0,3.6,4.0,2.0,3.4,3.6,1.85,3.45,4.0,2.0,3.5,4.0,1.99,3.61,4.15,1.95,3.5,3.8,2.0,3.6,4.0,40.0,2.02,1.97,3.72,3.48,4.33,3.95,36.0,1.97,1.91,1.96,1.89,25.0,-0.5,2.02,1.97,1.94,1.89,1.77,3.45,3.90
E0,2015-09-26,Leicester,Arsenal,2.0,5.0,A,1.0,2.0,A,C Pawson,16.0,26.0,7.0,12.0,9.0,12.0,6.0,5.0,1.0,1.0,0.0,0.0,4.5,4.0,1.8,4.0,3.8,1.85,3.8,3.45,1.9,4.33,3.75,1.83,4.55,3.97,1.83,4.0,3.75,1.85,4.4,3.9,1.85,41.0,4.56,4.26,4.01,3.81,1.9,1.82,35.0,1.75,1.67,2.3,2.18,26.0,0.5,2.13,2.07,1.85,1.8,4.15,3.70,1.66
E0,2015-09-26,Liverpool,Aston Villa,3.0,2.0,H,1.0,0.0,H,J Moss,21.0,10.0,12.0,4.0,8.0,13.0,11.0,1.0,0.0,0.0,0.0,0.0,1.53,4.33,7.0,1.53,4.2,6.5,1.5,4.0,6.1,1.53,4.0,7.0,1.53,4.28,7.48,1.53,3.8,7.0,1.55,4.1,7.5,41.0,1.56,1.52,4.4,4.13,7.5,6.81,37.0,2.05,1.95,1.95,1.84,25.0,-1.0,1.93,1.89,2.02,1.98,1.38,4.10,6.90
E0,2015-09-26,Man United,Sunderland,3.0,0.0,H,1.0,0.0,H,M Jones,12.0,9.0,7.0,4.0,12.0,17.0,5.0,2.0,0.0,3.0,0.0,0.0,1.2,7.5,16.0,1.22,6.5,13.0,1.2,5.8,13.0,1.22,6.5,13.0,1.23,6.9,16.7,1.22,6.0,13.0,1.22,7.0,15.0,41.0,1.24,1.21,7.5,6.57,16.7,13.85,33.0,1.61,1.56,2.55,2.38,25.0,-2.0,2.17,2.11,1.81,1.78,1.13,6.10,15.00
E0,2015-09-26,Newcastle,Chelsea,2.0,2.0,D,1.0,0.0,H,M Atkinson,11.0,16.0,5.0,4.0,12.0,15.0,4.0,6.0,1.0,2.0,0.0,0.0,6.0,4.2,1.62,5.75,3.9,1.62,5.4,3.7,1.6,6.0,4.0,1.62,5.98,4.16,1.63,6.0,3.6,1.62,6.0,4.0,1.65,41.0,6.1,5.62,4.2,3.94,1.67,1.62,37.0,1.88,1.81,2.09,1.99,24.0,0.75,2.14,2.08,1.84,1.8,5.10,3.85,1.52
E0,2015-09-26,Southampton,Swansea,3.0,1.0,H,1.0,0.0,H,R East,18.0,11.0,7.0,4.0,18.0,14.0,4.0,3.0,3.0,1.0,0.0,0.0,2.05,3.4,4.2,2.05,3.25,3.6,2.2,3.2,3.2,2.05,3.4,3.8,2.04,3.51,4.07,2.05,3.1,4.0,2.1,3.3,4.1,41.0,2.2,2.03,3.51,3.37,4.2,3.86,36.0,2.25,2.16,1.79,1.68,26.0,-0.5,2.05,2.0,1.92,1.86,1.85,3.25,3.75
E0,2015-09-26,Stoke,Bournemouth,2.0,1.0,H,1.0,0.0,H,L Mason,8.0,11.0,5.0,6.0,13.0,11.0,3.0,7.0,1.0,0.0,0.0,0.0,2.55,3.3,3.0,2.5,3.3,2.75,2.5,3.2,2.75,2.5,3.3,2.88,2.47,3.46,3.06,2.5,3.1,3.0,2.55,3.3,3.0,41.0,2.6,2.48,3.53,3.31,3.06,2.9,36.0,2.1,2.02,1.86,1.78,25.0,0.0,1.81,1.76,2.2,2.11,2.42,3.15,2.62
E0,2015-09-26,Tottenham,Man City,4.0,1.0,H,1.0,1.0,D,M Clattenburg,15.0,22.0,8.0,8.0,17.0,6.0,5.0,9.0,5.0,1.0,0.0,0.0,4.2,3.8,1.91,4.0,3.6,1.91,3.6,3.3,2.0,4.2,3.75,1.9,4.03,3.82,1.96,4.0,3.4,1.95,4.0,3.8,1.95,40.0,4.3,3.94,3.82,3.62,2.0,1.93,36.0,1.78,1.72,2.19,2.11,26.0,0.5,1.98,1.94,1.96,1.92,3.65,3.50,1.81
E0,2015-09-26,West Ham,Norwich,2.0,2.0,D,1.0,1.0,D,M Dean,19.0,16.0,7.0,7.0,7.0,17.0,7.0,5.0,0.0,0.0,0.0,0.0,2.25,3.5,3.4,2.25,3.25,3.1,2.1,3.3,3.3,2.2,3.4,3.4,2.22,3.54,3.49,2.3,3.2,3.2,2.25,3.5,3.4,41.0,2.3,2.22,3.54,3.4,3.52,3.28,37.0,1.96,1.9,1.96,1.89,25.0,-0.5,2.26,2.19,1.75,1.72,2.05,3.30,3.10
E0,2015-09-27,Watford,Crystal Palace,0.0,1.0,A,0.0,0.0,D,A Taylor,15.0,16.0,2.0,3.0,17.0,22.0,6.0,4.0,4.0,4.0,0.0,0.0,2.5,3.3,3.1,2.5,3.2,2.8,2.5,3.2,2.75,2.5,3.3,2.9,2.49,3.36,3.12,2.5,3.1,3.0,2.7,3.13,3.0,41.0,2.7,2.48,3.4,3.25,3.12,2.96,36.0,2.2,2.13,1.76,1.71,25.0,0.0,1.78,1.75,2.21,2.13,2.22,3.15,2.90
E0,2015-09-28,West Brom,Everton,2.0,3.0,A,1.0,0.0,H,R Madley,9.0,12.0,4.0,4.0,9.0,8.0,6.0,4.0,0.0,3.0,0.0,0.0,3.1,3.3,2.5,2.8,3.25,2.45,2.85,3.2,2.4,3.0,3.25,2.5,3.06,3.39,2.51,3.1,3.0,2.5,3.1,3.3,2.5,39.0,3.1,2.98,3.4,3.25,2.55,2.47,34.0,2.34,2.23,1.71,1.64,23.0,0.0,2.17,2.1,1.82,1.77,2.98,3.10,2.20
E0,2015-10-03,Aston Villa,Stoke,0.0,1.0,A,0.0,0.0,D,M Jones,13.0,12.0,2.0,5.0,12.0,12.0,9.0,5.0,1.0,0.0,0.0,0.0,2.5,3.3,3.1,2.5,3.25,2.95,2.4,3.3,2.75,2.5,3.3,3.0,2.5,3.34,3.11,2.5,3.2,2.9,2.5,3.3,3.13,44.0,2.55,2.47,3.4,3.23,3.13,2.99,38.0,2.28,2.19,1.73,1.67,24.0,-0.25,2.16,2.1,1.82,1.78,2.27,3.05,2.90
E0,2015-10-03,Bournemouth,Watford,1.0,1.0,D,1.0,1.0,D,M Oliver,12.0,11.0,6.0,2.0,8.0,13.0,5.0,3.0,1.0,1.0,0.0,0.0,2.1,3.5,3.8,2.1,3.25,3.5,2.1,3.3,3.3,2.15,3.4,3.6,2.13,3.54,3.72,2.15,3.0,3.75,2.1,3.5,3.8,44.0,2.15,2.1,3.6,3.39,3.8,3.62,40.0,2.07,2.0,1.91,1.8,27.0,-0.5,2.13,2.08,1.85,1.79,1.95,3.25,3.40
E0,2015-10-03,Chelsea,Southampton,1.0,3.0,A,1.0,1.0,D,R Madley,10.0,13.0,3.0,5.0,14.0,14.0,4.0,6.0,2.0,5.0,0.0,0.0,1.83,3.7,4.8,1.83,3.6,4.5,1.7,3.6,4.7,1.8,3.75,4.5,1.83,3.76,4.84,1.83,3.2,4.8,1.83,3.75,4.75,44.0,1.87,1.8,3.8,3.63,5.25,4.61,40.0,1.95,1.88,2.0,1.91,25.0,-0.75,2.12,2.05,1.9,1.82,1.66,3.55,4.40
E0,2015-10-03,Crystal Palace,West Brom,2.0,0.0,H,0.0,0.0,D,J Moss,21.0,7.0,8.0,2.0,14.0,13.0,8.0,3.0,3.0,3.0,0.0,0.0,1.83,3.6,5.0,1.8,3.4,4.5,1.8,3.5,4.2,1.85,3.5,4.75,1.84,3.65,4.93,1.85,3.1,5.0,1.85,3.5,5.0,43.0,1.87,1.81,3.7,3.49,5.05,4.74,38.0,2.25,2.14,1.77,1.7,25.0,-0.75,2.11,2.05,1.87,1.82,1.66,3.40,4.60
E0,2015-10-03,Man City,Newcastle,6.0,1.0,H,1.0,1.0,D,K Friend,23.0,6.0,11.0,4.0,13.0,8.0,6.0,3.0,3.0,1.0,0.0,0.0,1.25,7.0,13.0,1.25,6.25,11.5,1.25,5.5,10.3,1.25,6.5,13.0,1.24,6.9,13.8,1.25,6.0,13.0,1.22,7.0,15.0,43.0,1.26,1.23,7.25,6.59,15.0,12.3,39.0,1.47,1.41,3.0,2.85,27.0,-2.0,2.12,2.02,1.9,1.84,1.16,6.10,11.50
E0,2015-10-03,Norwich,Leicester,1.0,2.0,A,0.0,1.0,A,M Clattenburg,17.0,16.0,2.0,5.0,4.0,4.0,16.0,8.0,0.0,1.0,0.0,0.0,2.3,3.5,3.3,2.3,3.1,3.2,2.3,3.3,2.9,2.25,3.4,3.3,2.26,3.63,3.31,2.25,3.4,3.1,2.3,3.6,3.2,44.0,2.3,2.25,3.63,3.46,3.31,3.15,38.0,1.86,1.74,2.18,2.08,26.0,-0.5,2.3,2.23,1.74,1.7,2.12,3.35,2.92
E0,2015-10-03,Sunderland,West Ham,2.0,2.0,D,2.0,1.0,H,N Swarbrick,12.0,20.0,3.0,6.0,14.0,11.0,1.0,8.0,2.0,4.0,1.0,0.0,3.2,3.4,2.4,3.1,3.2,2.3,2.9,3.3,2.3,3.1,3.4,2.4,3.13,3.46,2.43,2.9,3.4,2.38,3.13,3.5,2.4,43.0,3.2,3.05,3.5,3.34,2.45,2.37,38.0,2.0,1.94,1.92,1.86,24.0,0.25,1.86,1.83,2.1,2.03,2.95,3.25,2.15
E0,2015-10-04,Arsenal,Man United,3.0,0.0,H,3.0,0.0,H,A Taylor,12.0,9.0,5.0,5.0,8.0,17.0,3.0,6.0,1.0,3.0,0.0,0.0,2.0,3.8,3.8,2.0,3.5,3.75,2.1,3.3,3.3,2.05,3.4,3.8,2.06,3.67,3.81,1.95,3.6,3.75,2.05,3.7,3.8,44.0,2.1,2.01,3.8,3.59,3.9,3.69,38.0,1.9,1.83,2.08,1.97,25.0,-0.5,2.06,2.0,1.91,1.86,1.78,3.40,3.90
E0,2015-10-04,Everton,Liverpool,1.0,1.0,D,1.0,1.0,D,M Atkinson,14.0,13.0,4.0,4.0,10.0,19.0,5.0,11.0,3.0,3.0,0.0,0.0,2.7,3.4,2.8,2.7,3.2,2.75,2.6,3.2,2.6,2.7,3.25,2.8,2.75,3.42,2.75,2.75,2.8,2.9,2.7,3.4,2.8,43.0,2.8,2.66,3.47,3.27,2.9,2.74,40.0,2.05,1.98,1.88,1.82,25.0,0.0,1.97,1.89,2.01,1.96,2.48,3.25,2.48
E0,2015-10-04,Swansea,Tottenham,2.0,2.0,D,2.0,1.0,H,M Dean,11.0,19.0,2.0,11.0,8.0,19.0,5.0,6.0,1.0,4.0,0.0,0.0,2.75,3.25,2.8,2.65,3.2,2.65,2.6,3.2,2.6,2.7,3.2,2.75,2.72,3.33,2.84,2.62,3.25,2.7,2.7,3.4,2.8,44.0,2.88,2.66,3.4,3.28,2.85,2.7,38.0,2.1,1.98,1.88,1.81,26.0,0.0,1.95,1.9,2.01,1.94,2.52,3.20,2.47
E0,2015-10-17,Chelsea,Aston Villa,2.0,0.0,H,1.0,0.0,H,R East,9.0,8.0,3.0,1.0,22.0,17.0,4.0,4.0,1.0,3.0,0.0,0.0,1.33,5.75,10.0,1.33,5.0,8.5,1.35,4.8,7.6,1.36,5.0,10.0,1.34,5.41,11.0,1.36,4.8,8.5,1.33,5.5,10.5,46.0,1.37,1.34,5.75,5.13,11.0,9.41,40.0,1.69,1.64,2.34,2.24,28.0,-1.5,2.06,1.99,1.9,1.87,1.22,5.20,10.00
E0,2015-10-17,Crystal Palace,West Ham,1.0,3.0,A,1.0,1.0,D,M Clattenburg,6.0,24.0,1.0,4.0,9.0,11.0,1.0,9.0,1.0,3.0,1.0,0.0,2.0,3.6,4.0,2.0,3.5,3.5,1.9,3.45,3.8,2.0,3.6,3.75,2.01,3.67,3.99,2.05,3.3,3.75,2.05,3.5,4.0,46.0,2.05,1.98,3.75,3.54,4.0,3.8,42.0,1.96,1.9,2.0,1.9,27.0,-0.5,2.02,1.96,1.93,1.89,1.83,3.40,3.65
E0,2015-10-17,Everton,Man United,0.0,3.0,A,0.0,2.0,A,J Moss,12.0,10.0,3.0,7.0,12.0,14.0,5.0,3.0,2.0,2.0,0.0,0.0,3.25,3.4,2.38,3.0,3.3,2.4,2.9,3.3,2.3,3.25,3.25,2.38,3.23,3.4,2.4,3.2,3.0,2.4,3.2,3.3,2.45,45.0,3.3,3.15,3.44,3.29,2.45,2.35,41.0,2.11,2.02,1.85,1.78,25.0,0.25,1.88,1.85,2.07,2.01,2.95,3.20,2.17
E0,2015-10-17,Man City,Bournemouth,5.0,1.0,H,4.0,1.0,H,M Dean,15.0,5.0,11.0,1.0,11.0,5.0,1.0,7.0,2.0,1.0,0.0,0.0,1.33,5.75,10.0,1.33,5.25,8.0,1.3,5.0,9.0,1.33,5.5,10.0,1.34,5.58,10.6,1.36,4.8,8.5,1.33,5.5,10.5,45.0,1.36,1.33,5.75,5.23,11.0,9.31,35.0,1.59,1.53,2.6,2.46,28.0,-1.5,2.02,1.96,1.94,1.89,1.25,5.00,8.75
E0,2015-10-17,Southampton,Leicester,2.0,2.0,D,2.0,0.0,H,P Tierney,14.0,26.0,6.0,7.0,16.0,10.0,6.0,7.0,2.0,0.0,0.0,0.0,1.75,4.0,5.0,1.75,3.7,4.4,1.8,3.5,4.2,1.75,3.75,5.0,1.76,3.88,5.1,1.8,3.25,5.0,1.75,3.9,5.0,46.0,1.8,1.75,4.0,3.75,5.12,4.71,41.0,1.82,1.75,2.17,2.06,26.0,-0.5,1.79,1.74,2.21,2.14,1.65,3.60,4.35
E0,2015-10-17,Tottenham,Liverpool,0.0,0.0,D,0.0,0.0,D,C Pawson,13.0,12.0,4.0,3.0,15.0,11.0,8.0,6.0,1.0,2.0,0.0,0.0,2.5,3.5,3.0,2.5,3.2,2.95,2.5,3.2,2.75,2.4,3.4,2.88,2.48,3.54,2.99,2.5,3.3,3.0,2.45,3.5,3.0,45.0,2.5,2.43,3.58,3.4,3.1,2.91,41.0,1.87,1.79,2.14,2.01,25.0,0.0,1.8,1.75,2.2,2.13,2.22,3.25,2.82
E0,2015-10-17,Watford,Arsenal,0.0,3.0,A,0.0,0.0,D,M Jones,8.0,17.0,1.0,6.0,11.0,12.0,3.0,9.0,2.0,1.0,0.0,0.0,6.0,4.2,1.62,5.0,4.1,1.6,5.0,3.9,1.6,6.0,4.0,1.62,6.29,4.31,1.59,6.0,3.6,1.62,6.25,4.2,1.6,46.0,6.5,5.76,4.33,4.06,1.62,1.59,41.0,1.79,1.72,2.23,2.1,28.0,1.0,1.91,1.86,2.06,2.0,5.50,4.05,1.46
E0,2015-10-17,West Brom,Sunderland,1.0,0.0,H,0.0,0.0,D,M Atkinson,8.0,9.0,1.0,2.0,12.0,13.0,1.0,5.0,2.0,2.0,0.0,0.0,2.05,3.4,4.2,2.05,3.25,3.6,1.85,3.45,4.0,2.05,3.25,4.2,2.08,3.42,4.07,2.1,3.0,4.0,2.05,3.3,4.2,46.0,2.1,2.03,3.45,3.28,4.2,3.95,40.0,2.35,2.27,1.68,1.62,27.0,-0.5,2.09,2.03,1.86,1.83,1.88,3.10,3.85
E0,2015-10-18,Newcastle,Norwich,6.0,2.0,H,3.0,2.0,H,A Taylor,11.0,18.0,6.0,6.0,10.0,10.0,3.0,7.0,1.0,1.0,0.0,0.0,2.6,3.4,2.88,2.6,3.3,2.6,2.5,3.3,2.65,2.62,3.4,2.8,2.58,3.44,2.93,2.62,3.1,2.8,2.6,3.4,2.88,46.0,2.62,2.54,3.51,3.33,2.93,2.8,42.0,1.97,1.89,1.98,1.91,27.0,0.0,1.87,1.83,2.09,2.01,2.35,3.25,2.62
E0,2015-10-19,Swansea,Stoke,0.0,1.0,A,0.0,1.0,A,R Madley,14.0,9.0,2.0,2.0,6.0,14.0,1.0,2.0,2.0,2.0,0.0,0.0,2.05,3.4,4.2,2.05,3.2,3.75,2.0,3.3,3.6,2.05,3.4,4.0,2.08,3.41,4.06,2.05,3.1,4.0,2.05,3.4,4.1,44.0,2.1,2.03,3.5,3.33,4.2,3.88,40.0,2.28,2.17,1.72,1.67,25.0,-0.5,2.08,2.01,1.89,1.85,1.86,3.20,3.80
E0,2015-10-24,Arsenal,Everton,2.0,1.0,H,2.0,1.0,H,L Mason,20.0,10.0,5.0,5.0,11.0,14.0,7.0,5.0,2.0,0.0,0.0,1.0,1.44,4.75,8.0,1.44,4.6,7.25,1.45,4.0,7.0,1.44,4.5,8.0,1.43,5.07,8.2,1.44,4.0,8.0,1.44,4.8,8.0,43.0,1.45,1.42,5.2,4.75,8.2,7.55,35.0,1.58,1.53,2.65,2.47,23.0,-1.5,2.17,2.12,1.8,1.76,1.34,4.50,7.00
E0,2015-10-24,Aston Villa,Swansea,1.0,2.0,A,0.0,0.0,D,N Swarbrick,9.0,11.0,3.0,4.0,10.0,8.0,4.0,6.0,2.0,3.0,0.0,0.0,3.0,3.3,2.6,2.7,3.2,2.6,2.75,3.2,2.5,2.9,3.1,2.62,3.09,3.22,2.59,3.0,2.9,2.62,3.0,3.25,2.63,43.0,3.11,2.94,3.3,3.15,2.65,2.56,37.0,2.49,2.34,1.65,1.59,24.0,0.0,2.15,2.06,1.85,1.8,2.75,3.00,2.40
E0,2015-10-24,Leicester,Crystal Palace,1.0,0.0,H,0.0,0.0,D,M Dean,12.0,9.0,3.0,4.0,7.0,11.0,3.0,2.0,3.0,1.0,0.0,0.0,2.2,3.6,3.4,2.25,3.3,3.1,2.2,3.2,3.2,2.25,3.4,3.3,2.21,3.56,3.48,2.3,2.9,3.5,2.2,3.6,3.4,43.0,2.3,2.21,3.6,3.41,3.52,3.31,38.0,1.79,1.74,2.16,2.08,23.0,-0.25,1.92,1.89,2.04,1.98,2.02,3.40,3.10
E0,2015-10-24,Norwich,West Brom,0.0,1.0,A,0.0,0.0,D,K Friend,16.0,7.0,3.0,4.0,11.0,6.0,13.0,3.0,1.0,2.0,0.0,0.0,2.0,3.5,4.2,2.0,3.3,3.7,2.1,3.3,3.3,2.0,3.4,4.0,2.02,3.49,4.18,2.05,3.1,4.0,1.98,3.5,4.33,43.0,2.1,2.0,3.5,3.39,4.31,3.97,38.0,2.2,2.11,1.8,1.71,24.0,-0.5,2.02,1.97,1.94,1.89,1.85,3.25,3.80
E0,2015-10-24,Stoke,Watford,0.0,2.0,A,0.0,1.0,A,M Atkinson,12.0,13.0,1.0,3.0,10.0,18.0,11.0,5.0,3.0,1.0,0.0,0.0,2.1,3.3,4.0,2.1,3.25,3.5,2.0,3.3,3.6,2.1,3.2,4.0,2.1,3.38,4.03,2.15,3.1,3.6,2.1,3.3,4.1,43.0,2.2,2.09,3.4,3.26,4.1,3.79,37.0,2.4,2.31,1.67,1.61,23.0,-0.5,2.11,2.06,1.85,1.81,1.97,3.10,3.55
E0,2015-10-24,West Ham,Chelsea,2.0,1.0,H,1.0,0.0,H,J Moss,12.0,8.0,5.0,4.0,10.0,12.0,7.0,4.0,1.0,5.0,0.0,1.0,4.0,3.8,1.95,3.6,3.7,2.0,3.8,3.45,1.9,3.75,3.6,2.0,3.91,3.74,2.01,4.0,3.2,2.0,3.9,3.7,2.0,43.0,4.01,3.81,3.8,3.61,2.05,1.97,38.0,1.79,1.72,2.21,2.1,24.0,0.5,1.94,1.9,2.01,1.96,3.70,3.50,1.80
E0,2015-10-25,Bournemouth,Tottenham,1.0,5.0,A,1.0,3.0,A,R East,11.0,14.0,3.0,9.0,8.0,15.0,4.0,5.0,0.0,1.0,0.0,0.0,3.4,3.5,2.25,3.3,3.3,2.25,3.2,3.2,2.2,3.4,3.3,2.25,3.58,3.42,2.23,3.5,3.0,2.25,3.5,3.4,2.25,43.0,3.59,3.38,3.5,3.32,2.25,2.22,39.0,2.05,1.97,1.91,1.83,22.0,0.25,2.02,1.97,1.93,1.9,3.00,3.25,2.12
E0,2015-10-25,Liverpool,Southampton,1.0,1.0,D,0.0,0.0,D,A Marriner,15.0,8.0,2.0,3.0,8.0,11.0,10.0,7.0,1.0,0.0,0.0,1.0,2.05,3.6,3.8,2.05,3.5,3.6,1.85,3.45,4.0,2.1,3.4,3.75,2.08,3.56,3.87,2.1,3.3,3.9,2.1,3.5,3.8,43.0,2.1,2.05,3.62,3.43,4.0,3.74,39.0,2.06,1.95,1.91,1.84,24.0,-0.5,2.08,2.04,1.86,1.83,1.86,3.30,3.65
E0,2015-10-25,Man United,Man City,0.0,0.0,D,0.0,0.0,D,M Clattenburg,6.0,6.0,1.0,1.0,17.0,13.0,6.0,4.0,2.0,2.0,0.0,0.0,2.6,3.5,2.8,2.65,3.3,2.85,2.6,3.2,2.6,2.5,3.3,2.75,2.59,3.41,2.93,2.7,3.2,2.88,2.63,3.5,2.8,43.0,2.7,2.57,3.55,3.35,2.96,2.8,39.0,1.91,1.82,2.05,1.97,24.0,0.0,1.89,1.85,2.09,2.0,2.42,3.30,2.52
E0,2015-10-25,Sunderland,Newcastle,3.0,0.0,H,1.0,0.0,H,R Madley,9.0,21.0,3.0,8.0,12.0,10.0,1.0,10.0,0.0,2.0,0.0,1.0,2.6,3.4,2.9,2.55,3.3,2.65,2.3,3.3,2.9,2.62,3.3,2.88,2.57,3.41,2.96,2.62,3.1,3.0,2.63,3.3,2.9,43.0,2.63,2.53,3.45,3.31,3.0,2.86,39.0,2.04,1.95,1.91,1.85,24.0,0.0,1.87,1.81,2.11,2.05,2.45,3.15,2.58
E0,2015-10-31,Chelsea,Liverpool,1.0,3.0,A,1.0,1.0,D,M Clattenburg,8.0,16.0,2.0,7.0,9.0,21.0,1.0,7.0,1.0,4.0,0.0,0.0,2.1,3.5,3.75,2.1,3.3,3.4,2.1,3.2,3.4,2.1,3.4,3.75,2.07,3.54,3.92,2.1,3.2,3.75,2.1,3.4,3.9,46.0,2.13,2.07,3.56,3.36,4.0,3.73,40.0,2.13,2.04,1.92,1.77,28.0,-0.5,2.13,2.06,1.86,1.81,1.90,3.25,3.60
E0,2015-10-31,Crystal Palace,Man United,0.0,0.0,D,0.0,0.0,D,M Jones,10.0,5.0,5.0,1.0,12.0,15.0,7.0,3.0,3.0,3.0,0.0,0.0,3.8,3.5,2.1,3.4,3.4,2.1,3.4,3.2,2.1,3.8,3.4,2.05,4.02,3.46,2.08,4.0,3.0,2.1,4.0,3.4,2.1,47.0,4.07,3.77,3.5,3.35,2.1,2.06,40.0,2.28,2.15,1.8,1.7,28.0,0.5,1.88,1.82,2.1,2.04,3.65,3.25,1.88
E0,2015-10-31,Man City,Norwich,2.0,1.0,H,0.0,0.0,D,R Madley,21.0,5.0,5.0,3.0,4.0,13.0,12.0,4.0,2.0,2.0,0.0,1.0,1.29,6.0,12.0,1.28,5.75,9.0,1.22,5.5,12.0,1.29,6.0,11.0,1.3,6.22,11.03,1.29,5.0,12.0,1.29,6.25,11.5,46.0,1.31,1.28,6.36,5.81,12.56,10.45,38.0,1.52,1.45,2.83,2.68,28.0,-1.5,1.89,1.83,2.1,2.03,1.19,5.65,10.50
E0,2015-10-31,Newcastle,Stoke,0.0,0.0,D,0.0,0.0,D,R East,15.0,9.0,6.0,2.0,6.0,16.0,11.0,4.0,1.0,3.0,0.0,0.0,2.4,3.4,3.2,2.4,3.3,3.0,2.5,3.3,2.65,2.4,3.4,3.1,2.39,3.43,3.24,2.4,3.1,3.1,2.38,3.4,3.25,46.0,2.5,2.35,3.43,3.31,3.28,3.12,40.0,2.1,2.04,1.85,1.77,27.0,-0.25,2.06,2.0,1.91,1.86,2.14,3.20,3.00
E0,2015-10-31,Swansea,Arsenal,0.0,3.0,A,0.0,0.0,D,K Friend,8.0,15.0,3.0,5.0,12.0,7.0,4.0,4.0,2.0,0.0,0.0,0.0,5.0,4.0,1.75,4.5,3.6,1.75,4.7,3.6,1.7,4.75,3.8,1.73,5.05,3.93,1.76,5.0,3.5,1.75,5.0,4.0,1.73,46.0,5.3,4.8,4.0,3.82,1.77,1.73,39.0,1.83,1.76,2.16,2.05,26.0,0.75,1.99,1.92,2.0,1.94,4.75,3.75,1.57
E0,2015-10-31,Watford,West Ham,2.0,0.0,H,1.0,0.0,H,K Stroud,20.0,8.0,5.0,3.0,16.0,12.0,7.0,2.0,3.0,0.0,0.0,1.0,2.6,3.4,2.9,2.6,3.2,2.7,2.6,3.2,2.6,2.5,3.4,2.9,2.6,3.38,2.94,2.62,3.1,2.8,2.55,3.3,3.0,46.0,2.7,2.52,3.45,3.28,3.0,2.87,41.0,2.12,2.01,1.85,1.79,28.0,0.0,1.84,1.8,2.14,2.06,2.30,3.15,2.77
E0,2015-10-31,West Brom,Leicester,2.0,3.0,A,1.0,0.0,H,A Taylor,14.0,13.0,6.0,5.0,3.0,11.0,6.0,4.0,0.0,2.0,0.0,0.0,2.9,3.4,2.6,2.6,3.3,2.6,2.65,3.3,2.5,2.88,3.3,2.6,2.84,3.36,2.7,2.9,3.0,2.62,2.9,3.3,2.63,46.0,2.9,2.82,3.4,3.25,2.7,2.58,41.0,2.14,2.04,1.84,1.77,28.0,0.0,2.08,2.0,1.92,1.84,2.82,3.20,2.25
E0,2015-11-01,Everton,Sunderland,6.0,2.0,H,2.0,1.0,H,A Marriner,15.0,17.0,8.0,9.0,6.0,5.0,6.0,1.0,3.0,2.0,0.0,0.0,1.5,4.5,7.5,1.5,4.0,6.5,1.5,4.0,6.1,1.5,4.2,7.0,1.49,4.61,7.5,1.53,3.8,7.0,1.5,4.6,7.5,46.0,1.53,1.49,4.61,4.31,8.0,7.06,40.0,1.8,1.73,2.17,2.09,29.0,-1.0,1.84,1.78,2.16,2.09,1.38,4.15,6.75
E0,2015-11-01,Southampton,Bournemouth,2.0,0.0,H,2.0,0.0,H,C Pawson,11.0,16.0,2.0,2.0,5.0,5.0,4.0,6.0,0.0,2.0,1.0,0.0,1.55,4.33,6.5,1.55,4.0,5.75,1.55,4.0,5.5,1.57,4.2,6.0,1.55,4.37,6.88,1.57,3.8,6.0,1.53,4.33,7.0,46.0,1.58,1.54,4.38,4.17,7.0,6.29,40.0,1.83,1.76,2.15,2.05,28.0,-1.0,1.95,1.9,1.99,1.95,1.45,3.95,5.90
E0,2015-11-02,Tottenham,Aston Villa,3.0,1.0,H,2.0,0.0,H,M Dean,17.0,13.0,6.0,2.0,6.0,15.0,4.0,3.0,0.0,3.0,0.0,0.0,1.44,4.75,8.0,1.42,4.33,7.25,1.4,4.4,7.3,1.44,4.5,7.5,1.43,4.8,9.0,1.44,4.2,8.0,1.4,4.8,9.0,43.0,1.45,1.42,4.84,4.52,9.0,8.11,38.0,1.82,1.77,2.12,2.02,25.0,-1.0,1.71,1.67,2.36,2.26,1.32,4.35,8.00
E0,2015-11-07,Bournemouth,Newcastle,0.0,1.0,A,0.0,1.0,A,L Mason,20.0,2.0,5.0,1.0,9.0,11.0,16.0,0.0,2.0,2.0,0.0,0.0,2.25,3.5,3.4,2.25,3.4,3.1,2.2,3.3,3.1,2.2,3.5,3.4,2.18,3.56,3.57,2.25,3.1,3.4,2.2,3.6,3.5,43.0,2.25,2.2,3.6,3.44,3.57,3.3,38.0,1.9,1.83,2.07,1.98,23.0,-0.25,1.91,1.88,2.06,1.99,2.07,3.30,3.05
E0,2015-11-07,Leicester,Watford,2.0,1.0,H,0.0,0.0,D,R East,12.0,8.0,6.0,4.0,10.0,10.0,4.0,2.0,0.0,1.0,0.0,0.0,1.85,3.8,4.5,1.85,3.6,4.0,1.85,3.45,4.0,1.85,3.75,4.33,1.88,3.79,4.43,1.83,3.2,4.33,1.85,3.8,4.5,43.0,1.88,1.84,3.9,3.67,4.6,4.3,37.0,1.87,1.8,2.07,2.0,24.0,-0.5,1.88,1.83,2.09,2.03,1.70,3.55,4.10
E0,2015-11-07,Man United,West Brom,2.0,0.0,H,0.0,0.0,D,M Dean,13.0,4.0,3.0,0.0,11.0,10.0,5.0,1.0,1.0,3.0,0.0,1.0,1.33,5.25,12.0,1.33,5.0,8.75,1.35,4.8,7.6,1.36,4.5,11.0,1.34,5.25,12.05,1.36,4.0,12.0,1.33,5.25,11.5,43.0,1.36,1.33,5.3,4.91,12.05,10.69,38.0,2.01,1.93,1.95,1.87,25.0,-1.5,2.08,2.01,1.88,1.85,1.23,4.75,11.00
E0,2015-11-07,Norwich,Swansea,1.0,0.0,H,0.0,0.0,D,M Clattenburg,9.0,8.0,5.0,0.0,12.0,7.0,5.0,2.0,1.0,0.0,0.0,0.0,2.45,3.4,3.1,2.55,3.2,2.85,2.5,3.3,2.65,2.4,3.4,3.0,2.46,3.47,3.06,2.5,3.1,2.9,2.5,3.4,3.0,43.0,2.55,2.45,3.49,3.31,3.12,2.94,38.0,2.03,1.96,1.92,1.84,23.0,0.0,1.79,1.76,2.2,2.11,2.33,3.20,2.70
E0,2015-11-07,Stoke,Chelsea,1.0,0.0,H,0.0,0.0,D,A Taylor,8.0,19.0,2.0,4.0,13.0,10.0,1.0,9.0,3.0,1.0,0.0,0.0,3.8,3.6,2.05,3.6,3.25,2.05,3.3,3.3,2.1,3.8,3.4,2.05,3.96,3.51,2.07,3.75,3.1,2.1,3.9,3.5,2.1,43.0,4.0,3.74,3.6,3.38,2.1,2.06,37.0,2.16,2.08,1.8,1.74,24.0,0.5,1.88,1.83,2.09,2.04,3.65,3.25,1.88
E0,2015-11-07,Sunderland,Southampton,0.0,1.0,A,0.0,0.0,D,M Jones,9.0,11.0,3.0,4.0,3.0,7.0,10.0,11.0,1.0,3.0,0.0,0.0,4.75,3.8,1.8,4.75,3.6,1.75,4.0,3.45,1.85,4.75,3.6,1.8,4.79,3.81,1.82,5.0,3.2,1.8,5.0,3.7,1.8,43.0,5.05,4.63,3.85,3.66,1.85,1.78,38.0,2.04,1.97,1.88,1.84,23.0,0.75,1.88,1.84,2.12,2.03,4.85,3.60,1.59
E0,2015-11-07,West Ham,Everton,1.0,1.0,D,1.0,1.0,D,P Tierney,16.0,13.0,5.0,4.0,11.0,12.0,3.0,5.0,1.0,2.0,0.0,0.0,2.6,3.5,2.8,2.55,3.3,2.7,2.5,3.3,2.65,2.6,3.4,2.8,2.58,3.49,2.89,2.62,3.1,2.8,2.55,3.5,2.88,43.0,2.62,2.53,3.55,3.4,2.89,2.78,36.0,1.8,1.75,2.14,2.07,24.0,0.0,1.87,1.83,2.09,2.02,2.40,3.35,2.52
E0,2015-11-08,Arsenal,Tottenham,1.0,1.0,D,0.0,1.0,A,M Atkinson,10.0,14.0,4.0,4.0,12.0,17.0,7.0,6.0,0.0,1.0,0.0,0.0,1.73,4.0,5.0,1.72,3.8,4.4,1.6,3.9,5.0,1.7,4.0,5.0,1.7,4.18,5.21,1.75,3.4,5.0,1.73,4.1,5.0,43.0,1.75,1.69,4.25,3.95,5.21,4.85,33.0,1.63,1.59,2.5,2.33,22.0,-0.75,1.89,1.85,2.08,2.02,1.54,3.90,4.80
E0,2015-11-08,Aston Villa,Man City,0.0,0.0,D,0.0,0.0,D,C Pawson,3.0,13.0,0.0,3.0,7.0,7.0,3.0,8.0,1.0,1.0,0.0,0.0,7.5,5.0,1.44,7.0,4.33,1.44,6.1,4.0,1.5,7.5,4.75,1.44,8.15,4.93,1.44,8.0,4.0,1.44,8.0,4.8,1.44,43.0,8.15,7.29,5.0,4.58,1.5,1.44,37.0,1.77,1.69,2.28,2.15,23.0,1.25,1.94,1.88,2.02,1.97,7.25,4.35,1.34
E0,2015-11-08,Liverpool,Crystal Palace,1.0,2.0,A,1.0,1.0,D,N Swarbrick,22.0,9.0,4.0,4.0,7.0,6.0,14.0,6.0,1.0,2.0,0.0,0.0,1.67,3.8,6.0,1.67,3.7,5.0,1.6,3.7,5.4,1.7,3.75,5.5,1.68,3.99,5.73,1.7,3.2,6.0,1.67,4.0,5.75,43.0,1.7,1.66,4.0,3.8,6.0,5.39,37.0,2.0,1.92,1.94,1.87,22.0,-0.75,1.91,1.86,2.06,2.0,1.56,3.70,5.00
E0,2015-11-21,Chelsea,Norwich,1.0,0.0,H,0.0,0.0,D,C Pawson,21.0,4.0,7.0,2.0,4.0,12.0,6.0,5.0,1.0,4.0,0.0,0.0,1.4,5.0,9.0,1.4,4.75,8.0,1.4,4.4,7.3,1.44,4.5,8.5,1.43,4.86,8.78,1.4,4.5,8.0,1.44,4.8,8.5,42.0,1.45,1.42,5.0,4.62,9.0,8.04,36.0,1.78,1.71,2.3,2.12,26.0,-1.5,2.29,2.23,1.75,1.69,1.31,4.50,7.75
E0,2015-11-21,Everton,Aston Villa,4.0,0.0,H,3.0,0.0,H,M Oliver,16.0,10.0,9.0,3.0,6.0,9.0,2.0,3.0,0.0,0.0,0.0,0.0,1.57,4.2,6.5,1.57,3.9,5.75,1.55,3.9,5.6,1.6,4.0,6.0,1.57,4.2,6.8,1.57,3.8,6.0,1.55,4.2,7.0,42.0,1.62,1.57,4.27,4.0,7.0,6.21,37.0,1.99,1.91,2.0,1.89,26.0,-1.0,2.07,1.99,1.92,1.88,1.48,3.80,5.70
E0,2015-11-21,Man City,Liverpool,1.0,4.0,A,1.0,3.0,A,J Moss,11.0,14.0,3.0,9.0,5.0,13.0,11.0,5.0,0.0,3.0,0.0,0.0,1.7,4.0,5.5,1.7,3.75,5.5,1.7,3.6,4.7,1.7,3.8,5.5,1.67,4.15,5.56,1.7,3.5,5.5,1.65,4.1,5.75,42.0,1.7,1.66,4.2,3.94,5.75,5.28,36.0,1.79,1.73,2.25,2.09,25.0,-0.75,1.86,1.82,2.09,2.05,1.56,3.75,4.85
E0,2015-11-21,Newcastle,Leicester,0.0,3.0,A,0.0,1.0,A,M Jones,9.0,18.0,1.0,7.0,9.0,12.0,4.0,9.0,4.0,1.0,0.0,0.0,2.88,3.6,2.5,2.65,3.4,2.5,2.65,3.3,2.5,2.8,3.5,2.5,2.85,3.55,2.58,2.75,3.25,2.6,2.8,3.6,2.55,40.0,2.9,2.79,3.65,3.44,2.6,2.51,35.0,1.76,1.68,2.25,2.17,24.0,0.0,2.07,2.01,1.88,1.84,2.57,3.40,2.32
E0,2015-11-21,Southampton,Stoke,0.0,1.0,A,0.0,1.0,A,L Mason,16.0,16.0,1.0,4.0,8.0,8.0,7.0,3.0,2.0,0.0,0.0,0.0,1.57,4.0,7.0,1.57,3.9,5.75,1.65,3.6,5.1,1.62,3.8,6.5,1.61,4.06,6.5,1.62,3.5,6.5,1.62,4.0,6.5,42.0,1.65,1.59,4.1,3.88,7.0,6.23,37.0,2.09,2.03,1.86,1.78,26.0,-1.0,2.12,2.04,1.87,1.83,1.46,3.75,6.20
E0,2015-11-21,Swansea,Bournemouth,2.0,2.0,D,2.0,2.0,D,A Marriner,11.0,16.0,4.0,4.0,7.0,9.0,4.0,5.0,3.0,2.0,0.0,0.0,1.91,3.6,4.5,1.85,3.6,4.5,1.9,3.45,3.8,1.91,3.5,4.33,1.91,3.59,4.6,1.95,3.1,4.5,1.9,3.6,4.6,42.0,1.95,1.89,3.8,3.47,4.6,4.34,37.0,2.06,1.98,1.9,1.82,24.0,-0.5,1.92,1.88,2.04,1.98,1.84,3.30,3.75
E0,2015-11-21,Watford,Man United,1.0,2.0,A,0.0,1.0,A,R Madley,10.0,13.0,5.0,6.0,6.0,12.0,4.0,10.0,1.0,2.0,0.0,0.0,4.33,3.4,2.0,3.9,3.4,2.0,3.8,3.45,1.9,4.0,3.4,2.05,4.14,3.38,2.07,4.0,3.1,2.05,4.33,3.25,2.05,42.0,4.6,4.07,3.45,3.29,2.07,2.01,36.0,2.46,2.34,1.69,1.59,24.0,0.75,1.67,1.63,2.44,2.34,4.25,3.20,1.77
E0,2015-11-21,West Brom,Arsenal,2.0,1.0,H,2.0,1.0,H,M Clattenburg,4.0,11.0,1.0,3.0,14.0,10.0,3.0,5.0,3.0,2.0,0.0,0.0,7.0,4.33,1.53,6.0,4.33,1.53,5.6,3.9,1.55,6.5,4.33,1.53,6.68,4.29,1.57,6.5,4.0,1.53,7.0,4.33,1.53,42.0,7.0,6.4,4.4,4.18,1.59,1.54,36.0,1.89,1.79,2.12,2.02,26.0,1.0,2.05,1.96,1.97,1.91,6.20,4.10,1.41
E0,2015-11-22,Tottenham,West Ham,4.0,1.0,H,2.0,0.0,H,A Taylor,22.0,10.0,12.0,4.0,13.0,9.0,7.0,6.0,2.0,2.0,0.0,0.0,1.57,4.2,6.5,1.57,4.1,5.25,1.6,3.7,5.4,1.57,4.0,6.5,1.55,4.43,6.78,1.6,3.75,6.0,1.55,4.4,6.5,41.0,1.6,1.55,4.5,4.15,6.8,6.22,34.0,1.78,1.7,2.34,2.14,26.0,-1.0,1.99,1.91,2.0,1.96,1.43,4.05,6.00
E0,2015-11-23,Crystal Palace,Sunderland,0.0,1.0,A,0.0,0.0,D,M Atkinson,19.0,12.0,7.0,4.0,18.0,11.0,11.0,2.0,1.0,3.0,0.0,0.0,1.57,4.0,7.0,1.57,3.8,5.75,1.65,3.6,5.1,1.57,4.0,6.5,1.56,4.31,6.77,1.6,3.4,7.0,1.55,4.2,7.0,39.0,1.65,1.55,4.31,3.99,7.0,6.5,34.0,1.95,1.88,2.01,1.93,24.0,-1.0,2.03,1.93,1.98,1.93,1.46,3.85,5.90
E0,2015-11-28,Aston Villa,Watford,2.0,3.0,A,1.0,1.0,D,L Mason,12.0,14.0,6.0,6.0,6.0,13.0,10.0,10.0,2.0,3.0,0.0,0.0,2.75,3.3,2.8,2.75,3.0,2.75,2.5,3.3,2.65,2.7,3.25,2.8,2.77,3.25,2.85,2.7,3.1,2.7,2.8,3.13,2.88,49.0,2.8,2.69,3.3,3.13,2.9,2.79,40.0,2.42,2.34,1.64,1.58,28.0,-0.25,2.35,2.29,1.69,1.66,2.58,2.95,2.58
E0,2015-11-28,Bournemouth,Everton,3.0,3.0,D,0.0,2.0,A,K Friend,19.0,11.0,10.0,6.0,6.0,6.0,10.0,5.0,2.0,0.0,0.0,0.0,2.9,3.6,2.5,2.65,3.4,2.5,2.75,3.3,2.4,2.9,3.5,2.5,2.95,3.53,2.51,2.9,3.2,2.5,3.0,3.6,2.4,49.0,3.0,2.87,3.6,3.41,2.51,2.45,44.0,1.85,1.78,2.12,2.03,28.0,0.0,2.16,2.09,1.82,1.78,2.55,3.35,2.37
E0,2015-11-28,Crystal Palace,Newcastle,5.0,1.0,H,3.0,1.0,H,S Attwell,19.0,7.0,8.0,2.0,7.0,13.0,7.0,5.0,1.0,1.0,0.0,0.0,1.7,3.9,5.5,1.72,3.8,4.4,1.75,3.5,4.5,1.7,3.8,5.5,1.69,4.04,5.53,1.73,3.5,5.0,1.7,4.0,5.5,49.0,1.75,1.69,4.04,3.83,5.53,5.09,43.0,1.87,1.78,2.16,2.02,29.0,-0.75,1.9,1.87,2.05,1.99,1.64,3.55,4.50
E0,2015-11-28,Leicester,Man United,1.0,1.0,D,1.0,1.0,D,C Pawson,7.0,10.0,3.0,2.0,5.0,7.0,1.0,8.0,0.0,1.0,0.0,0.0,3.1,3.5,2.4,2.95,3.4,2.4,2.9,3.3,2.3,3.0,3.4,2.38,3.26,3.45,2.36,3.1,3.1,2.4,3.3,3.4,2.38,47.0,3.3,3.13,3.53,3.35,2.4,2.34,41.0,2.11,2.02,1.87,1.78,27.0,0.25,1.92,1.88,2.03,1.99,2.90,3.25,2.17
E0,2015-11-28,Man City,Southampton,3.0,1.0,H,2.0,0.0,H,R East,16.0,12.0,9.0,8.0,14.0,11.0,6.0,4.0,2.0,1.0,0.0,0.0,1.6,4.33,6.0,1.6,4.2,5.25,1.5,4.0,6.1,1.57,4.33,6.0,1.58,4.4,6.28,1.57,3.8,6.0,1.57,4.4,6.25,49.0,1.6,1.57,4.4,4.19,6.58,5.9,43.0,1.71,1.65,2.32,2.23,31.0,-1.0,1.98,1.93,2.0,1.92,1.47,4.00,5.50
E0,2015-11-28,Sunderland,Stoke,2.0,0.0,H,0.0,0.0,D,M Dean,18.0,7.0,5.0,3.0,4.0,10.0,9.0,5.0,0.0,2.0,0.0,1.0,3.2,3.3,2.45,3.0,3.1,2.4,2.75,3.3,2.4,3.2,3.25,2.4,3.16,3.28,2.51,3.1,3.1,2.4,3.2,3.3,2.45,49.0,3.25,3.1,3.3,3.19,2.51,2.41,43.0,2.37,2.26,1.71,1.63,29.0,0.25,1.85,1.8,2.13,2.07,2.90,3.00,2.30
E0,2015-11-29,Liverpool,Swansea,1.0,0.0,H,0.0,0.0,D,A Taylor,10.0,8.0,2.0,0.0,12.0,6.0,8.0,7.0,3.0,1.0,0.0,0.0,1.44,4.75,8.0,1.45,4.4,7.5,1.5,4.0,6.1,1.5,4.33,7.0,1.48,4.55,7.95,1.5,4.0,7.0,1.45,4.75,8.0,48.0,1.5,1.46,4.75,4.37,8.0,7.36,42.0,1.87,1.79,2.08,2.01,29.0,-1.0,1.81,1.75,2.23,2.14,1.35,4.25,7.25
E0,2015-11-29,Norwich,Arsenal,1.0,1.0,D,1.0,1.0,D,J Moss,7.0,12.0,2.0,3.0,8.0,6.0,3.0,6.0,1.0,1.0,0.0,0.0,6.0,4.2,1.62,5.25,4.1,1.62,6.1,4.0,1.5,5.5,4.2,1.62,5.62,4.34,1.63,5.5,4.0,1.57,5.75,4.33,1.62,49.0,6.1,5.51,4.35,4.15,1.65,1.6,40.0,1.68,1.63,2.4,2.25,31.0,1.0,1.88,1.85,2.09,2.01,5.25,4.05,1.48
E0,2015-11-29,Tottenham,Chelsea,0.0,0.0,D,0.0,0.0,D,M Oliver,9.0,5.0,4.0,1.0,14.0,9.0,4.0,4.0,4.0,2.0,0.0,0.0,2.6,3.4,2.9,2.6,3.1,2.9,2.6,3.2,2.6,2.6,3.4,2.8,2.58,3.49,2.89,2.5,3.2,2.9,2.55,3.5,2.88,48.0,2.6,2.54,3.5,3.34,2.94,2.81,43.0,1.96,1.88,1.99,1.92,27.0,-0.25,2.23,2.17,1.78,1.73,2.37,3.25,2.60
E0,2015-11-29,West Ham,West Brom,1.0,1.0,D,1.0,0.0,H,M Atkinson,17.0,7.0,6.0,3.0,15.0,16.0,5.0,2.0,0.0,2.0,0.0,0.0,2.05,3.5,4.0,2.05,3.25,3.6,2.0,3.3,3.6,2.05,3.4,3.8,2.1,3.41,3.98,2.05,3.3,3.75,2.1,3.4,4.0,49.0,2.1,2.05,3.5,3.33,4.05,3.83,43.0,2.28,2.16,1.82,1.69,29.0,-0.5,2.1,2.04,1.87,1.83,1.90,3.25,3.60
E0,2015-12-05,Arsenal,Sunderland,3.0,1.0,H,1.0,1.0,D,R Madley,16.0,11.0,7.0,4.0,7.0,11.0,3.0,2.0,1.0,1.0,0.0,0.0,1.29,6.0,13.0,1.26,6.25,10.5,1.22,5.5,12.0,1.25,5.5,12.0,1.28,6.14,13.53,1.29,5.0,12.0,1.29,5.75,13.0,47.0,1.29,1.27,6.25,5.76,13.53,12.07,38.0,1.65,1.6,2.47,2.3,28.0,-1.5,1.85,1.79,2.14,2.08,1.18,5.60,11.25
E0,2015-12-05,Chelsea,Bournemouth,0.0,1.0,A,0.0,0.0,D,M Jones,19.0,15.0,6.0,5.0,10.0,13.0,11.0,4.0,2.0,1.0,0.0,0.0,1.36,5.25,9.5,1.38,5.0,8.0,1.35,4.8,7.6,1.36,4.75,9.0,1.38,5.23,9.75,1.36,4.5,9.0,1.36,5.25,10.0,47.0,1.39,1.37,5.25,4.91,10.0,8.83,39.0,1.69,1.64,2.36,2.24,27.0,-1.25,1.9,1.83,2.09,2.03,1.29,4.70,7.90
E0,2015-12-05,Man United,West Ham,0.0,0.0,D,0.0,0.0,D,M Clattenburg,21.0,9.0,1.0,2.0,9.0,13.0,6.0,2.0,1.0,0.0,0.0,0.0,1.44,4.5,9.0,1.44,4.33,8.0,1.4,4.4,7.3,1.4,4.33,8.5,1.43,4.7,9.06,1.44,3.8,9.0,1.44,4.5,9.0,47.0,1.46,1.43,4.8,4.38,9.23,8.4,42.0,2.06,1.97,1.91,1.83,28.0,-1.0,1.75,1.7,2.26,2.2,1.32,4.25,8.20
E0,2015-12-05,Southampton,Aston Villa,1.0,1.0,D,0.0,1.0,A,A Taylor,23.0,9.0,5.0,2.0,4.0,9.0,10.0,4.0,1.0,2.0,0.0,0.0,1.5,4.5,7.5,1.5,4.25,6.0,1.45,4.0,7.0,1.5,4.0,7.0,1.52,4.37,7.57,1.53,3.6,7.5,1.53,4.2,7.5,47.0,1.53,1.49,4.5,4.17,7.57,7.13,42.0,2.0,1.93,1.95,1.87,29.0,-1.0,1.88,1.83,2.09,2.03,1.42,3.95,6.35
E0,2015-12-05,Stoke,Man City,2.0,0.0,H,2.0,0.0,H,M Atkinson,7.0,11.0,4.0,4.0,9.0,10.0,1.0,6.0,0.0,1.0,0.0,0.0,5.25,4.0,1.7,5.0,3.7,1.72,4.7,3.6,1.7,4.75,3.8,1.67,5.25,4.06,1.71,5.5,3.4,1.7,5.4,4.0,1.7,47.0,5.5,5.07,4.1,3.87,1.75,1.69,41.0,1.87,1.79,2.14,2.01,27.0,0.75,2.01,1.97,1.94,1.89,5.45,3.90,1.48
E0,2015-12-05,Swansea,Leicester,0.0,3.0,A,0.0,2.0,A,M Oliver,10.0,16.0,2.0,5.0,3.0,19.0,3.0,8.0,2.0,3.0,0.0,0.0,2.7,3.4,2.75,2.75,3.25,2.65,2.65,3.3,2.5,2.5,3.3,2.62,2.68,3.44,2.8,2.8,3.1,2.62,2.7,3.5,2.75,47.0,2.8,2.66,3.5,3.35,2.8,2.68,42.0,1.92,1.81,2.05,1.98,28.0,0.0,1.98,1.91,2.01,1.94,2.55,3.25,2.42
E0,2015-12-05,Watford,Norwich,2.0,0.0,H,1.0,0.0,H,M Dean,14.0,6.0,7.0,1.0,11.0,10.0,4.0,1.0,3.0,3.0,0.0,0.0,2.15,3.5,3.6,2.15,3.2,3.4,2.0,3.3,3.6,2.15,3.3,3.4,2.16,3.48,3.7,2.15,3.1,3.6,2.15,3.5,3.7,47.0,2.21,2.13,3.5,3.36,3.75,3.52,42.0,2.09,1.99,1.85,1.8,27.0,-0.25,1.88,1.84,2.08,2.02,1.95,3.25,3.40
E0,2015-12-05,West Brom,Tottenham,1.0,1.0,D,1.0,1.0,D,J Moss,11.0,9.0,4.0,3.0,13.0,10.0,3.0,6.0,3.0,2.0,0.0,0.0,4.75,3.6,1.85,3.9,3.4,1.91,3.8,3.45,1.9,4.33,3.5,1.83,4.75,3.69,1.85,4.5,3.1,1.91,4.8,3.4,1.9,47.0,4.8,4.45,3.69,3.5,1.91,1.86,41.0,2.21,2.15,1.76,1.69,27.0,0.5,2.09,2.02,1.87,1.84,4.30,3.40,1.70
E0,2015-12-06,Newcastle,Liverpool,2.0,0.0,H,0.0,0.0,D,A Marriner,6.0,10.0,1.0,1.0,6.0,10.0,2.0,7.0,3.0,1.0,0.0,0.0,5.75,4.33,1.62,5.5,4.0,1.62,5.4,3.7,1.6,5.25,4.0,1.57,5.75,4.35,1.62,5.5,3.75,1.62,6.0,4.2,1.62,47.0,6.0,5.58,4.43,4.1,1.65,1.6,41.0,1.8,1.73,2.2,2.08,29.0,1.0,1.88,1.85,2.08,2.01,5.40,3.95,1.48
E0,2015-12-07,Everton,Crystal Palace,1.0,1.0,D,0.0,0.0,D,C Pawson,19.0,14.0,4.0,5.0,4.0,11.0,13.0,6.0,1.0,2.0,0.0,0.0,2.1,3.6,3.75,2.1,3.3,3.4,2.0,3.3,3.6,2.0,3.4,3.6,2.06,3.63,3.88,2.0,3.3,3.75,2.05,3.6,3.8,45.0,2.1,2.03,3.63,3.49,3.88,3.68,40.0,1.84,1.78,2.12,2.02,25.0,-0.25,1.79,1.75,2.18,2.12,1.88,3.35,3.50
E0,2015-12-12,Bournemouth,Man United,2.0,1.0,H,1.0,1.0,D,A Taylor,11.0,11.0,5.0,5.0,12.0,12.0,5.0,7.0,2.0,1.0,0.0,0.0,3.4,3.4,2.3,3.2,3.3,2.3,3.0,3.2,2.3,3.3,3.4,2.3,3.46,3.39,2.29,3.2,3.2,2.3,3.5,3.3,2.3,50.0,3.5,3.33,3.4,3.28,2.3,2.26,44.0,2.23,2.14,1.76,1.69,27.0,0.25,1.99,1.94,1.97,1.92,3.15,3.15,2.08
E0,2015-12-12,Crystal Palace,Southampton,1.0,0.0,H,1.0,0.0,H,M Dean,12.0,15.0,5.0,3.0,11.0,13.0,8.0,5.0,0.0,0.0,0.0,0.0,2.6,3.3,3.0,2.6,3.25,2.65,2.5,3.2,2.75,2.5,3.2,2.9,2.55,3.32,3.06,2.5,3.1,3.0,2.55,3.3,3.0,50.0,2.6,2.52,3.4,3.22,3.06,2.92,44.0,2.22,2.11,1.79,1.72,27.0,0.0,1.83,1.79,2.15,2.07,2.47,3.05,2.62
E0,2015-12-12,Man City,Swansea,2.0,1.0,H,1.0,0.0,H,R Madley,13.0,13.0,5.0,7.0,13.0,15.0,5.0,5.0,3.0,1.0,0.0,0.0,1.3,6.0,11.0,1.3,5.25,11.0,1.3,5.0,9.0,1.3,5.5,10.0,1.32,5.9,10.9,1.33,4.8,10.0,1.3,6.0,11.5,50.0,1.33,1.3,6.0,5.56,11.5,10.18,38.0,1.56,1.53,2.6,2.46,30.0,-1.5,1.9,1.84,2.08,2.02,1.21,5.35,10.00
E0,2015-12-12,Norwich,Everton,1.0,1.0,D,0.0,1.0,A,M Atkinson,9.0,15.0,2.0,3.0,9.0,6.0,5.0,4.0,1.0,0.0,0.0,0.0,2.9,3.5,2.55,2.8,3.3,2.55,2.65,3.3,2.5,2.9,3.4,2.5,2.92,3.56,2.52,2.9,3.2,2.5,2.9,3.5,2.55,50.0,3.0,2.85,3.6,3.4,2.55,2.48,45.0,1.91,1.83,2.05,1.96,27.0,0.0,2.12,2.07,1.83,1.79,2.72,3.30,2.25
E0,2015-12-12,Sunderland,Watford,0.0,1.0,A,0.0,1.0,A,G Scott,14.0,13.0,2.0,6.0,6.0,9.0,8.0,3.0,1.0,0.0,0.0,0.0,2.9,3.3,2.63,2.9,3.1,2.65,2.6,3.2,2.6,2.8,3.1,2.6,2.86,3.31,2.71,2.75,3.0,2.75,2.88,3.3,2.7,50.0,2.9,2.8,3.31,3.2,2.75,2.64,43.0,2.23,2.13,1.76,1.69,27.0,0.0,2.02,1.98,1.92,1.87,2.60,3.05,2.50
E0,2015-12-12,West Ham,Stoke,0.0,0.0,D,0.0,0.0,D,A Marriner,22.0,12.0,9.0,3.0,7.0,9.0,11.0,7.0,1.0,2.0,0.0,0.0,2.63,3.3,2.9,2.65,3.1,2.9,2.5,3.3,2.65,2.5,3.1,2.8,2.63,3.33,2.94,2.62,3.1,2.8,2.6,3.25,3.0,50.0,2.66,2.55,3.4,3.19,3.0,2.89,43.0,2.26,2.18,1.77,1.67,27.0,0.0,1.86,1.82,2.09,2.04,2.45,3.05,2.65
E0,2015-12-13,Aston Villa,Arsenal,0.0,2.0,A,0.0,2.0,A,K Friend,18.0,8.0,2.0,4.0,8.0,7.0,5.0,5.0,0.0,0.0,0.0,0.0,6.5,4.2,1.57,6.5,3.9,1.57,5.5,4.0,1.55,6.0,4.0,1.53,6.24,4.24,1.6,6.5,3.75,1.57,7.0,4.2,1.55,50.0,7.0,6.1,4.24,4.06,1.61,1.57,45.0,1.94,1.87,2.0,1.93,30.0,1.0,1.94,1.89,2.03,1.96,5.80,3.90,1.46
E0,2015-12-13,Liverpool,West Brom,2.0,2.0,D,1.0,1.0,D,C Pawson,28.0,4.0,8.0,2.0,7.0,10.0,4.0,4.0,0.0,0.0,0.0,0.0,1.4,4.75,10.0,1.4,4.5,8.5,1.4,4.4,7.3,1.4,4.33,9.0,1.45,4.59,9.0,1.4,4.33,9.0,1.44,4.6,9.5,50.0,1.45,1.41,4.8,4.42,10.0,8.84,45.0,2.1,2.02,1.87,1.78,28.0,-1.5,2.38,2.27,1.7,1.67,1.29,4.40,8.90
E0,2015-12-13,Tottenham,Newcastle,1.0,2.0,A,1.0,0.0,H,R East,20.0,8.0,8.0,4.0,13.0,14.0,6.0,2.0,2.0,2.0,0.0,0.0,1.36,5.5,9.0,,,,1.4,4.4,7.3,1.36,5.0,8.0,1.39,5.32,9.0,1.4,4.33,9.0,1.36,5.4,9.5,50.0,1.4,1.37,5.5,4.96,9.5,8.4,39.0,1.62,1.57,2.46,2.35,30.0,-1.5,2.1,2.03,1.88,1.83,1.29,4.70,7.90
E0,2015-12-14,Leicester,Chelsea,2.0,1.0,H,1.0,0.0,H,M Clattenburg,9.0,11.0,5.0,5.0,16.0,8.0,1.0,8.0,2.0,0.0,0.0,0.0,3.2,3.5,2.35,3.0,3.3,2.4,3.0,3.2,2.3,3.0,3.4,2.3,3.11,3.59,2.38,3.2,3.2,2.3,3.13,3.5,2.4,48.0,3.4,3.07,3.6,3.4,2.43,2.33,43.0,1.99,1.9,1.98,1.89,26.0,0.25,1.88,1.84,2.07,2.02,2.93,3.25,2.15
E0,2015-12-19,Chelsea,Sunderland,3.0,1.0,H,2.0,0.0,H,R East,17.0,11.0,7.0,3.0,12.0,12.0,2.0,2.0,1.0,3.0,0.0,0.0,1.33,5.25,12.0,1.33,5.25,10.0,1.33,4.8,8.3,1.29,5.25,12.0,1.32,5.69,11.8,1.3,5.0,11.0,1.3,5.75,12.0,49.0,1.33,1.31,5.75,5.32,13.0,10.91,44.0,1.85,1.76,2.17,2.05,31.0,-1.5,1.97,1.9,2.01,1.95,1.21,5.10,10.75
E0,2015-12-19,Everton,Leicester,2.0,3.0,A,1.0,1.0,D,J Moss,13.0,10.0,5.0,5.0,6.0,14.0,10.0,2.0,2.0,1.0,0.0,0.0,2.1,3.75,3.6,2.1,3.4,3.3,2.1,3.3,3.3,2.05,3.6,3.4,2.07,3.8,3.65,2.1,3.3,3.5,2.1,3.7,3.6,49.0,2.1,2.05,3.8,3.61,3.7,3.51,43.0,1.67,1.62,2.4,2.27,29.0,-0.5,2.08,2.03,1.89,1.83,1.92,3.45,3.30
E0,2015-12-19,Man United,Norwich,1.0,2.0,A,0.0,1.0,A,M Oliver,11.0,6.0,2.0,4.0,4.0,10.0,11.0,0.0,0.0,2.0,0.0,0.0,1.45,4.5,8.5,1.45,4.5,7.75,1.5,4.0,6.1,1.44,4.2,7.5,1.47,4.5,8.45,1.44,4.2,8.0,1.45,4.6,8.5,49.0,1.5,1.45,4.61,4.35,8.83,7.74,45.0,2.0,1.9,1.98,1.89,29.0,-1.0,1.8,1.75,2.2,2.13,1.35,4.10,7.70
E0,2015-12-19,Newcastle,Aston Villa,1.0,1.0,D,1.0,0.0,H,M Atkinson,8.0,10.0,4.0,7.0,9.0,14.0,3.0,7.0,1.0,3.0,0.0,0.0,2.05,3.5,4.0,2.05,3.3,3.6,2.0,3.3,3.6,1.95,3.4,4.0,2.03,3.58,4.02,2.0,3.2,4.0,2.0,3.5,4.1,48.0,2.05,2.0,3.6,3.41,4.1,3.91,44.0,2.11,2.01,1.85,1.79,28.0,-0.5,2.04,1.99,1.93,1.88,1.88,3.25,3.65
E0,2015-12-19,Southampton,Tottenham,0.0,2.0,A,0.0,2.0,A,K Friend,11.0,13.0,4.0,6.0,18.0,9.0,4.0,7.0,1.0,1.0,0.0,0.0,2.7,3.4,2.8,2.6,3.3,2.6,2.6,3.2,2.6,2.5,3.3,2.75,2.66,3.44,2.83,2.7,3.1,2.7,2.63,3.4,2.88,49.0,2.71,2.62,3.48,3.27,2.88,2.77,44.0,2.12,2.0,1.89,1.8,27.0,0.0,1.91,1.87,2.04,1.99,2.45,3.10,2.60
E0,2015-12-19,Stoke,Crystal Palace,1.0,2.0,A,0.0,1.0,A,R Madley,26.0,12.0,5.0,3.0,6.0,12.0,7.0,3.0,2.0,0.0,0.0,0.0,2.5,3.2,3.2,2.5,3.2,2.8,2.4,3.2,2.85,2.4,3.2,3.0,2.51,3.3,3.14,2.4,3.1,3.1,2.5,3.25,3.2,49.0,2.51,2.44,3.32,3.19,3.2,3.07,42.0,2.35,2.24,1.7,1.63,29.0,-0.25,2.14,2.07,1.84,1.8,2.30,3.00,2.88
E0,2015-12-19,West Brom,Bournemouth,1.0,2.0,A,0.0,0.0,D,M Dean,6.0,16.0,2.0,7.0,12.0,9.0,4.0,8.0,2.0,1.0,2.0,0.0,2.55,3.3,3.0,2.5,3.25,2.75,2.5,3.2,2.75,2.4,3.2,2.9,2.64,3.27,2.98,2.6,3.1,2.8,2.55,3.25,3.1,49.0,2.64,2.53,3.36,3.22,3.09,2.91,44.0,2.24,2.15,1.76,1.69,28.0,-0.25,2.25,2.17,2.52,1.76,2.37,3.05,2.73
E0,2015-12-20,Swansea,West Ham,0.0,0.0,D,0.0,0.0,D,L Mason,21.0,11.0,2.0,2.0,6.0,9.0,8.0,9.0,0.0,1.0,0.0,0.0,2.1,3.4,3.9,2.1,3.25,3.5,2.1,3.3,3.3,2.05,3.25,3.75,2.1,3.46,3.92,2.15,3.25,3.5,2.15,3.3,3.9,47.0,2.15,2.07,3.5,3.35,4.0,3.74,42.0,2.24,2.13,1.77,1.7,28.0,-0.5,2.1,2.05,1.86,1.82,1.87,3.20,3.75
E0,2015-12-20,Watford,Liverpool,3.0,0.0,H,2.0,0.0,H,M Clattenburg,6.0,12.0,5.0,4.0,6.0,9.0,7.0,9.0,1.0,0.0,0.0,0.0,4.2,3.6,1.95,4.0,3.3,2.0,3.6,3.3,2.0,3.8,3.4,1.95,4.14,3.55,2.01,4.0,3.2,2.0,4.33,3.4,2.0,48.0,4.3,4.02,3.6,3.43,2.01,1.96,43.0,2.15,2.08,1.81,1.74,28.0,0.5,1.96,1.91,2.01,1.94,3.90,3.25,1.82
E0,2015-12-21,Arsenal,Man City,2.0,1.0,H,2.0,0.0,H,A Marriner,8.0,20.0,5.0,6.0,5.0,16.0,4.0,8.0,0.0,2.0,0.0,0.0,2.45,3.5,3.0,2.45,3.4,3.0,2.5,3.3,2.65,2.3,3.4,3.0,2.38,3.58,3.12,2.4,3.1,3.1,2.38,3.7,3.0,47.0,2.5,2.37,3.7,3.45,3.15,2.99,43.0,1.75,1.69,2.3,2.15,27.0,-0.25,2.08,2.02,1.88,1.84,2.20,3.30,2.80
E0,2015-12-26,Aston Villa,West Ham,1.0,1.0,D,0.0,1.0,A,M Dean,5.0,10.0,8.0,4.0,14.0,13.0,9.0,6.0,3.0,3.0,0.0,0.0,2.63,3.25,2.75,2.65,3.25,2.75,2.65,3.3,2.5,2.6,3.1,2.8,2.66,3.29,2.94,2.7,3.1,2.7,2.7,3.2,2.9,48.0,2.7,2.63,3.3,3.15,2.94,2.83,42.0,2.36,2.28,1.67,1.62,28.0,0.0,1.9,1.86,2.07,1.99,2.40,2.95,2.78
E0,2015-12-26,Bournemouth,Crystal Palace,0.0,0.0,D,0.0,0.0,D,M Oliver,10.0,8.0,4.0,0.0,10.0,13.0,8.0,9.0,1.0,0.0,0.0,0.0,2.4,3.3,3.0,2.45,3.4,2.9,2.4,3.3,2.75,2.3,3.3,3.0,2.48,3.45,3.06,2.5,3.2,2.9,2.45,3.4,3.1,48.0,2.5,2.42,3.46,3.33,3.1,2.98,43.0,2.03,1.95,1.92,1.84,29.0,-0.25,2.13,2.05,1.86,1.82,2.25,3.15,2.83
E0,2015-12-26,Chelsea,Watford,2.0,2.0,D,1.0,1.0,D,A Marriner,17.0,12.0,2.0,3.0,7.0,15.0,9.0,4.0,1.0,4.0,0.0,0.0,1.44,4.5,7.5,1.45,4.6,7.0,1.4,4.4,7.3,1.48,4.2,7.0,1.52,4.52,7.14,1.44,4.2,8.0,1.5,4.5,7.5,49.0,1.54,1.49,4.6,4.29,8.0,7.03,44.0,1.84,1.76,2.13,2.04,29.0,-1.0,1.88,1.84,2.1,2.02,1.33,4.35,7.50
E0,2015-12-26,Liverpool,Leicester,1.0,0.0,H,0.0,0.0,D,M Atkinson,25.0,7.0,4.0,3.0,11.0,8.0,7.0,6.0,2.0,1.0,0.0,0.0,1.91,3.8,3.8,1.95,3.7,3.75,1.9,3.45,3.8,1.91,3.75,3.75,1.95,3.87,4.0,1.95,3.5,3.8,1.95,3.8,4.0,49.0,2.0,1.93,3.91,3.72,4.0,3.81,40.0,1.7,1.65,2.3,2.21,29.0,-0.5,1.96,1.92,1.98,1.94,1.75,3.60,3.75
E0,2015-12-26,Man City,Sunderland,4.0,1.0,H,3.0,0.0,H,A Taylor,19.0,11.0,9.0,3.0,10.0,11.0,5.0,1.0,1.0,1.0,0.0,0.0,1.2,7.0,13.0,1.22,6.25,14.5,1.2,5.8,13.0,1.2,7.0,15.0,1.21,7.65,16.0,1.22,6.0,13.0,1.22,7.0,15.0,48.0,1.23,1.21,7.65,6.91,17.0,13.59,38.0,1.45,1.4,3.1,2.86,31.0,-2.0,1.96,1.92,1.99,1.93,1.12,6.60,14.00
E0,2015-12-26,Newcastle,Everton,0.0,1.0,A,0.0,0.0,D,L Mason,10.0,20.0,1.0,7.0,16.0,12.0,1.0,7.0,2.0,2.0,0.0,0.0,3.2,3.5,2.2,3.1,3.5,2.25,2.9,3.3,2.3,3.1,3.5,2.15,3.37,3.58,2.25,3.25,3.3,2.25,3.3,3.5,2.3,49.0,3.4,3.24,3.65,3.45,2.3,2.22,43.0,1.81,1.74,2.13,2.07,29.0,0.25,2.03,1.96,1.94,1.89,3.00,3.35,2.08
E0,2015-12-26,Southampton,Arsenal,4.0,0.0,H,1.0,0.0,H,J Moss,15.0,7.0,5.0,4.0,10.0,9.0,3.0,4.0,1.0,0.0,0.0,0.0,3.6,3.5,2.05,3.5,3.5,2.1,3.3,3.3,2.1,3.4,3.4,2.1,3.6,3.53,2.18,3.6,3.3,2.1,3.6,3.5,2.15,49.0,3.8,3.51,3.57,3.41,2.2,2.11,43.0,2.01,1.93,1.95,1.86,29.0,0.25,2.1,2.04,1.88,1.83,3.40,3.30,1.93
E0,2015-12-26,Stoke,Man United,2.0,0.0,H,2.0,0.0,H,K Friend,13.0,11.0,3.0,6.0,13.0,16.0,1.0,12.0,1.0,2.0,0.0,0.0,3.25,3.2,2.3,3.1,3.25,2.4,2.75,3.3,2.4,3.2,3.1,2.3,3.33,3.31,2.4,3.1,3.1,2.4,3.4,3.2,2.4,49.0,3.4,3.21,3.31,3.17,2.4,2.36,42.0,2.48,2.37,1.61,1.57,29.0,0.25,1.89,1.86,2.07,2.01,3.25,3.05,2.10
E0,2015-12-26,Swansea,West Brom,1.0,0.0,H,1.0,0.0,H,R East,7.0,9.0,2.0,3.0,10.0,13.0,0.0,7.0,1.0,3.0,0.0,0.0,1.91,3.4,4.5,1.91,3.4,4.4,2.0,3.3,3.6,1.91,3.25,4.2,1.96,3.42,4.58,2.05,3.1,4.0,2.0,3.3,4.5,49.0,2.05,1.96,3.42,3.3,4.58,4.23,38.0,2.55,2.42,1.6,1.54,29.0,-0.5,2.0,1.95,1.98,1.91,1.76,3.15,4.35
E0,2015-12-26,Tottenham,Norwich,3.0,0.0,H,2.0,0.0,H,M Jones,15.0,11.0,10.0,3.0,4.0,13.0,9.0,4.0,1.0,2.0,0.0,0.0,1.4,4.75,8.0,1.42,4.4,7.0,1.45,4.0,7.0,1.4,4.5,7.5,1.46,4.77,8.0,1.44,4.2,8.0,1.44,4.8,8.5,48.0,1.48,1.43,4.86,4.55,8.5,7.7,42.0,1.75,1.68,2.3,2.15,30.0,-1.0,1.74,1.69,2.3,2.23,1.34,4.35,7.25
E0,2015-12-28,Arsenal,Bournemouth,2.0,0.0,H,1.0,0.0,H,R East,13.0,10.0,6.0,3.0,7.0,8.0,9.0,3.0,2.0,0.0,0.0,0.0,1.44,4.75,8.0,1.44,4.5,8.0,1.42,4.3,7.0,1.4,4.5,7.5,1.45,4.86,8.07,1.36,4.8,8.5,1.44,4.8,8.0,50.0,1.47,1.43,4.89,4.58,8.75,7.76,43.0,1.68,1.63,2.45,2.26,30.0,-1.5,2.32,2.22,1.75,1.7,1.37,4.30,6.60
E0,2015-12-28,Crystal Palace,Swansea,0.0,0.0,D,0.0,0.0,D,N Swarbrick,10.0,5.0,2.0,3.0,11.0,16.0,7.0,4.0,3.0,2.0,0.0,0.0,2.1,3.4,4.0,2.05,3.3,4.0,2.0,3.3,3.6,2.05,3.25,3.75,2.09,3.41,4.03,1.91,3.5,4.0,2.1,3.3,4.0,51.0,2.14,2.07,3.5,3.31,4.0,3.8,45.0,2.33,2.23,1.7,1.64,30.0,-0.25,1.83,1.79,2.17,2.09,2.00,3.05,3.50
E0,2015-12-28,Everton,Stoke,3.0,4.0,A,1.0,2.0,A,M Clattenburg,15.0,8.0,3.0,5.0,10.0,12.0,6.0,2.0,2.0,1.0,0.0,0.0,1.95,3.6,4.2,1.95,3.3,3.9,1.9,3.45,3.8,1.91,3.4,4.0,1.95,3.63,4.3,1.95,3.5,3.8,1.95,3.6,4.33,51.0,2.0,1.93,3.63,3.51,4.33,4.11,46.0,2.1,2.01,1.88,1.79,30.0,-0.5,1.95,1.91,2.01,1.95,1.77,3.30,4.05
E0,2015-12-28,Man United,Chelsea,0.0,0.0,D,0.0,0.0,D,M Atkinson,12.0,8.0,2.0,3.0,16.0,6.0,5.0,3.0,4.0,2.0,0.0,0.0,2.6,3.3,3.0,2.6,3.25,2.9,2.6,3.2,2.6,2.5,3.1,2.8,2.6,3.38,2.95,2.62,3.1,3.0,2.6,3.25,3.0,50.0,2.65,2.55,3.38,3.22,3.03,2.91,43.0,2.3,2.19,1.72,1.66,28.0,0.0,1.85,1.81,2.12,2.05,2.50,3.05,2.58
E0,2015-12-28,Norwich,Aston Villa,2.0,0.0,H,1.0,0.0,H,G Scott,9.0,6.0,4.0,3.0,10.0,21.0,3.0,7.0,2.0,5.0,0.0,0.0,2.05,3.6,3.8,2.0,3.3,3.7,2.0,3.3,3.6,2.0,3.3,3.8,2.05,3.53,4.02,2.05,3.4,3.6,2.05,3.5,4.0,51.0,2.1,2.04,3.6,3.42,4.05,3.78,45.0,2.19,2.1,1.8,1.72,30.0,-0.5,2.09,2.03,1.89,1.84,1.92,3.10,3.70
E0,2015-12-28,Watford,Tottenham,1.0,2.0,A,1.0,1.0,D,A Taylor,9.0,10.0,1.0,3.0,11.0,13.0,5.0,3.0,4.0,2.0,1.0,0.0,3.75,3.5,2.1,3.5,3.3,2.15,3.3,3.3,2.1,3.6,3.3,2.05,3.92,3.55,2.07,3.5,3.25,2.15,3.9,3.4,2.1,51.0,3.92,3.65,3.55,3.42,2.15,2.08,45.0,2.11,2.03,1.83,1.77,30.0,0.5,1.88,1.82,2.09,2.05,3.50,3.20,1.94
E0,2015-12-28,West Brom,Newcastle,1.0,0.0,H,0.0,0.0,D,M Jones,22.0,7.0,5.0,2.0,7.0,13.0,18.0,6.0,0.0,0.0,0.0,0.0,2.2,3.25,3.75,2.2,3.25,3.2,2.1,3.3,3.3,2.1,3.2,3.6,2.18,3.35,3.8,2.25,3.2,3.3,2.2,3.3,3.8,51.0,2.25,2.16,3.4,3.26,3.85,3.58,45.0,2.3,2.2,1.75,1.66,30.0,-0.25,1.9,1.85,2.07,2.02,2.03,3.05,3.40
E0,2015-12-28,West Ham,Southampton,2.0,1.0,H,0.0,1.0,A,M Oliver,13.0,15.0,5.0,4.0,6.0,12.0,4.0,7.0,1.0,3.0,0.0,0.0,3.6,3.4,2.2,3.25,3.3,2.2,2.9,3.3,2.3,3.3,3.25,2.2,3.57,3.41,2.24,3.4,3.2,2.2,3.6,3.3,2.25,50.0,3.6,3.44,3.41,3.26,2.3,2.22,43.0,2.3,2.18,1.74,1.67,29.0,0.25,2.01,1.96,1.95,1.9,3.35,3.05,2.05
E0,2015-12-29,Leicester,Man City,0.0,0.0,D,0.0,0.0,D,C Pawson,11.0,21.0,4.0,5.0,11.0,8.0,1.0,13.0,1.0,3.0,0.0,0.0,4.33,4.0,1.85,4.0,4.0,1.85,3.8,3.45,1.9,4.0,3.8,1.8,4.25,4.1,1.85,3.75,3.75,1.91,4.4,4.1,1.8,49.0,4.4,4.12,4.1,3.87,1.91,1.83,38.0,1.65,1.55,2.6,2.38,29.0,0.5,2.11,2.05,1.85,1.81,3.90,3.70,1.70
E0,2015-12-30,Sunderland,Liverpool,0.0,1.0,A,0.0,0.0,D,K Friend,8.0,17.0,3.0,6.0,8.0,16.0,6.0,4.0,1.0,3.0,0.0,0.0,5.5,3.9,1.7,5.0,3.75,1.72,4.5,3.5,1.75,5.0,3.6,1.67,5.51,3.91,1.71,4.75,3.6,1.75,5.5,3.75,1.73,48.0,5.6,5.22,4.0,3.74,1.75,1.7,43.0,2.07,1.99,1.92,1.81,28.0,0.5,2.32,2.25,1.74,1.68,5.20,3.60,1.55
E0,2016-01-02,Arsenal,Newcastle,1.0,0.0,H,0.0,0.0,D,A Taylor,16.0,15.0,3.0,6.0,10.0,9.0,7.0,4.0,2.0,2.0,0.0,0.0,1.29,6.5,11.0,1.28,5.5,11.0,1.3,5.0,9.0,1.25,5.75,12.0,1.27,6.47,12.81,1.3,5.0,11.0,1.29,6.0,12.0,48.0,1.3,1.27,6.5,5.87,12.81,11.2,39.0,1.53,1.49,2.74,2.56,30.0,-1.5,1.81,1.76,2.18,2.11,1.17,5.75,11.50
E0,2016-01-02,Leicester,Bournemouth,0.0,0.0,D,0.0,0.0,D,A Marriner,16.0,9.0,2.0,0.0,9.0,5.0,7.0,1.0,1.0,1.0,0.0,1.0,1.91,3.75,4.33,1.95,3.4,3.8,1.9,3.45,3.8,1.85,3.6,4.0,1.94,3.75,4.18,1.95,3.4,4.0,1.93,3.75,4.2,48.0,2.0,1.92,3.75,3.58,4.33,4.02,44.0,1.84,1.77,2.13,2.03,29.0,-0.5,1.94,1.91,2.0,1.96,1.80,3.45,3.70
E0,2016-01-02,Man United,Swansea,2.0,1.0,H,0.0,0.0,D,J Moss,19.0,9.0,6.0,4.0,14.0,10.0,4.0,2.0,2.0,1.0,0.0,0.0,1.55,4.2,7.0,1.55,3.8,7.0,1.5,4.0,6.1,1.53,3.8,7.0,1.52,4.28,7.66,1.57,3.6,7.0,1.55,4.1,7.5,48.0,1.57,1.53,4.27,4.0,7.55,6.89,43.0,2.31,2.2,1.75,1.66,30.0,-1.0,1.98,1.93,2.0,1.92,1.41,3.85,6.85
E0,2016-01-02,Norwich,Southampton,1.0,0.0,H,0.0,0.0,D,M Clattenburg,10.0,10.0,1.0,4.0,9.0,7.0,4.0,9.0,1.0,0.0,0.0,1.0,3.2,3.4,2.4,2.9,3.25,2.4,2.9,3.3,2.3,3.0,3.3,2.3,3.13,3.49,2.42,3.1,3.2,2.38,3.25,3.4,2.38,48.0,3.25,3.07,3.49,3.34,2.45,2.36,44.0,2.06,1.96,1.91,1.83,29.0,0.25,1.89,1.84,2.08,2.02,3.00,3.10,2.18
E0,2016-01-02,Sunderland,Aston Villa,3.0,1.0,H,1.0,0.0,H,C Pawson,13.0,8.0,6.0,3.0,8.0,13.0,3.0,3.0,3.0,4.0,0.0,0.0,2.5,3.25,3.2,2.5,3.1,2.9,2.3,3.3,2.9,2.4,3.1,2.9,2.49,3.34,3.14,2.4,3.1,3.1,2.5,3.2,3.2,48.0,2.51,2.45,3.34,3.18,3.23,3.04,42.0,2.4,2.29,1.67,1.61,29.0,-0.25,2.15,2.09,1.83,1.79,2.23,3.05,2.95
E0,2016-01-02,Watford,Man City,1.0,2.0,A,0.0,0.0,D,M Atkinson,11.0,16.0,3.0,5.0,6.0,10.0,4.0,5.0,1.0,0.0,0.0,0.0,5.0,4.0,1.75,4.75,3.75,1.75,4.7,3.6,1.7,4.75,3.8,1.7,5.14,4.11,1.72,5.0,3.6,1.73,5.2,4.1,1.7,48.0,5.2,4.87,4.11,3.88,1.75,1.71,43.0,1.74,1.69,2.25,2.14,28.0,0.75,2.02,1.97,1.92,1.89,4.75,3.75,1.57
E0,2016-01-02,West Brom,Stoke,2.0,1.0,H,0.0,0.0,D,L Mason,16.0,10.0,5.0,3.0,7.0,15.0,4.0,6.0,1.0,1.0,0.0,1.0,2.8,3.2,2.8,2.8,3.1,2.7,2.55,3.1,2.75,2.7,3.0,2.75,2.81,3.2,2.84,2.8,3.1,2.62,2.8,3.1,2.88,48.0,2.85,2.74,3.2,3.09,2.88,2.77,38.0,2.55,2.45,1.57,1.53,28.0,-0.25,2.4,2.31,1.68,1.64,2.60,2.90,2.60
E0,2016-01-02,West Ham,Liverpool,2.0,0.0,H,1.0,0.0,H,R Madley,18.0,23.0,10.0,2.0,11.0,8.0,3.0,9.0,1.0,1.0,0.0,0.0,4.0,3.5,2.05,3.8,3.4,2.05,3.3,3.3,2.1,3.8,3.4,2.0,3.97,3.62,2.03,3.8,3.4,2.0,4.1,3.4,2.05,48.0,4.1,3.86,3.62,3.42,2.1,2.01,43.0,2.13,2.06,1.81,1.75,29.0,0.5,1.91,1.86,2.05,2.0,3.75,3.20,1.87
E0,2016-01-03,Crystal Palace,Chelsea,0.0,3.0,A,0.0,1.0,A,K Friend,8.0,10.0,4.0,4.0,12.0,15.0,5.0,7.0,3.0,0.0,0.0,0.0,3.8,3.5,2.1,3.8,3.2,2.1,3.1,3.3,2.2,3.8,3.3,2.0,3.98,3.49,2.07,3.75,3.2,2.1,3.8,3.5,2.1,48.0,3.98,3.79,3.5,3.35,2.2,2.06,43.0,2.3,2.21,1.71,1.66,29.0,0.5,1.9,1.84,2.08,2.02,3.65,3.20,1.90
E0,2016-01-03,Everton,Tottenham,1.0,1.0,D,1.0,1.0,D,M Oliver,12.0,19.0,3.0,4.0,8.0,11.0,4.0,4.0,1.0,2.0,0.0,0.0,2.8,3.5,2.63,2.7,3.4,2.6,2.6,3.2,2.6,2.62,3.4,2.6,2.78,3.59,2.62,2.7,3.1,2.7,2.75,3.6,2.6,48.0,2.82,2.71,3.6,3.4,2.7,2.59,43.0,1.8,1.73,2.19,2.08,28.0,0.25,1.75,1.7,2.28,2.21,2.47,3.30,2.47
E0,2016-01-12,Aston Villa,Crystal Palace,1.0,0.0,H,0.0,0.0,D,M Clattenburg,13.0,9.0,3.0,1.0,15.0,9.0,9.0,0.0,2.0,1.0,0.0,0.0,3.2,3.25,2.45,3.0,3.2,2.45,2.6,3.2,2.6,3.0,3.1,2.4,3.2,3.25,2.5,3.1,3.0,2.5,3.25,3.13,2.5,48.0,3.25,3.11,3.3,3.15,2.6,2.45,42.0,2.43,2.33,1.67,1.59,29.0,0.25,1.84,1.8,2.13,2.07,3.00,3.05,2.20
E0,2016-01-12,Bournemouth,West Ham,1.0,3.0,A,1.0,0.0,H,M Atkinson,11.0,10.0,4.0,5.0,8.0,5.0,4.0,7.0,1.0,1.0,0.0,0.0,2.0,3.6,4.0,2.0,3.4,3.9,2.1,3.3,3.3,1.95,3.4,3.8,2.01,3.65,4.02,2.0,3.4,3.8,1.95,3.75,4.1,48.0,2.1,1.98,3.75,3.51,4.15,3.9,43.0,2.11,2.02,1.85,1.79,28.0,-0.25,1.75,1.71,2.26,2.2,1.88,3.25,3.65
E0,2016-01-12,Newcastle,Man United,3.0,3.0,D,1.0,2.0,A,M Dean,14.0,12.0,6.0,4.0,10.0,12.0,5.0,3.0,1.0,3.0,0.0,0.0,5.0,3.7,1.8,5.0,3.6,1.75,4.2,3.5,1.8,5.0,3.5,1.8,5.05,3.8,1.79,5.0,3.3,1.8,5.0,3.7,1.8,48.0,5.25,4.87,3.83,3.62,1.8,1.78,42.0,2.2,2.12,1.79,1.72,28.0,1.0,1.62,1.59,2.53,2.44,4.75,3.35,1.65
E0,2016-01-13,Chelsea,West Brom,2.0,2.0,D,1.0,1.0,D,A Taylor,14.0,13.0,2.0,6.0,13.0,8.0,7.0,7.0,3.0,3.0,0.0,0.0,1.44,4.5,9.0,1.44,4.4,8.5,1.4,4.4,7.3,1.44,4.2,8.0,1.46,4.58,8.54,1.44,4.2,8.0,1.44,4.5,9.0,48.0,1.49,1.44,4.75,4.32,9.0,8.24,43.0,2.06,1.99,1.87,1.81,29.0,-1.0,1.78,1.73,2.3,2.16,1.31,4.30,8.40
E0,2016-01-13,Liverpool,Arsenal,3.0,3.0,D,2.0,2.0,D,M Jones,22.0,14.0,6.0,5.0,9.0,7.0,9.0,3.0,2.0,0.0,0.0,0.0,2.88,3.4,2.6,2.9,3.25,2.6,2.75,3.3,2.4,2.75,3.3,2.5,2.84,3.58,2.57,2.9,3.2,2.5,2.88,3.5,2.55,48.0,2.95,2.83,3.58,3.37,2.6,2.51,43.0,1.96,1.87,2.05,1.93,28.0,-0.25,2.5,2.41,1.64,1.6,2.72,3.25,2.28
E0,2016-01-13,Man City,Everton,0.0,0.0,D,0.0,0.0,D,R East,22.0,7.0,5.0,2.0,5.0,6.0,12.0,5.0,0.0,1.0,0.0,0.0,1.53,4.75,6.0,1.53,4.75,5.75,1.45,4.0,7.0,1.48,4.5,6.0,1.52,4.88,6.44,1.53,4.0,6.5,1.53,4.6,6.25,48.0,1.53,1.5,4.9,4.56,7.0,6.19,38.0,1.55,1.48,2.76,2.59,30.0,-1.0,1.85,1.79,2.15,2.08,1.37,4.50,6.20
E0,2016-01-13,Southampton,Watford,2.0,0.0,H,1.0,0.0,H,C Pawson,15.0,4.0,7.0,1.0,9.0,11.0,8.0,1.0,1.0,2.0,0.0,0.0,1.95,3.5,4.33,2.0,3.4,4.1,2.0,3.3,3.6,1.95,3.3,4.0,2.0,3.51,4.25,2.0,3.2,4.0,2.0,3.5,4.2,48.0,2.05,1.98,3.51,3.38,4.35,4.03,42.0,2.18,2.07,1.83,1.74,28.0,-0.5,2.02,1.97,1.94,1.89,1.87,3.20,3.75
E0,2016-01-13,Stoke,Norwich,3.0,1.0,H,0.0,0.0,D,N Swarbrick,14.0,5.0,4.0,2.0,5.0,8.0,7.0,3.0,0.0,1.0,0.0,1.0,2.05,3.3,4.2,2.05,3.4,3.8,2.0,3.3,3.6,1.95,3.3,4.0,2.01,3.44,4.31,2.05,3.1,4.0,2.0,3.4,4.2,48.0,2.05,2.0,3.44,3.32,4.37,4.03,42.0,2.28,2.18,1.73,1.67,28.0,-0.5,2.04,1.99,1.92,1.87,1.80,3.25,4.00
E0,2016-01-13,Swansea,Sunderland,2.0,4.0,A,2.0,1.0,H,G Scott,10.0,7.0,5.0,5.0,9.0,12.0,8.0,6.0,2.0,0.0,1.0,0.0,1.8,3.6,5.25,1.78,3.7,4.6,1.75,3.5,4.5,1.73,3.6,5.0,1.78,3.71,5.32,1.8,3.4,4.8,1.8,3.6,5.2,48.0,1.83,1.76,3.71,3.57,5.45,4.97,41.0,2.2,2.14,1.77,1.7,28.0,-0.75,2.04,1.99,1.92,1.87,1.63,3.35,4.95
E0,2016-01-13,Tottenham,Leicester,0.0,1.0,A,0.0,0.0,D,L Mason,21.0,10.0,5.0,2.0,13.0,10.0,16.0,8.0,1.0,0.0,0.0,0.0,1.75,3.8,5.25,1.75,3.8,4.6,1.75,3.5,4.5,1.73,3.6,4.75,1.75,3.95,5.09,1.8,3.5,4.5,1.75,3.9,5.0,47.0,1.8,1.75,4.02,3.75,5.25,4.78,42.0,1.9,1.82,2.07,1.99,27.0,-0.5,1.78,1.74,2.21,2.16,1.61,3.70,4.50
E0,2016-01-16,Aston Villa,Leicester,1.0,1.0,D,0.0,1.0,A,R East,14.0,12.0,5.0,5.0,13.0,15.0,3.0,4.0,3.0,2.0,0.0,0.0,3.6,3.4,2.2,3.5,3.3,2.15,2.9,3.3,2.3,3.5,3.25,2.1,3.75,3.44,2.16,3.4,3.1,2.25,3.7,3.3,2.2,44.0,3.75,3.52,3.5,3.31,2.3,2.16,41.0,2.29,2.2,1.71,1.66,28.0,0.25,2.08,2.02,1.89,1.85,3.30,3.20,2.00
E0,2016-01-16,Bournemouth,Norwich,3.0,0.0,H,1.0,0.0,H,R Madley,15.0,10.0,8.0,3.0,8.0,13.0,5.0,3.0,1.0,1.0,0.0,0.0,1.91,3.6,4.5,1.9,3.5,4.25,1.9,3.45,3.8,1.85,3.5,4.33,1.89,3.68,4.54,1.95,3.1,4.33,1.87,3.6,4.75,44.0,1.95,1.88,3.68,3.49,4.75,4.35,42.0,2.12,2.07,1.83,1.75,27.0,-0.5,1.9,1.87,2.05,2.0,1.78,3.35,3.95
E0,2016-01-16,Chelsea,Everton,3.0,3.0,D,0.0,0.0,D,M Jones,14.0,9.0,7.0,4.0,12.0,5.0,6.0,4.0,1.0,1.0,0.0,0.0,1.83,3.75,4.75,1.83,3.8,4.4,1.75,3.5,4.5,1.75,3.6,4.5,1.81,3.97,4.65,1.75,3.5,4.8,1.8,3.9,4.75,44.0,1.83,1.79,3.98,3.77,4.8,4.49,42.0,1.86,1.78,2.12,2.03,27.0,-0.75,2.06,2.02,1.88,1.84,1.63,3.65,4.40
E0,2016-01-16,Man City,Crystal Palace,4.0,0.0,H,2.0,0.0,H,J Moss,17.0,9.0,4.0,3.0,10.0,11.0,5.0,6.0,0.0,2.0,0.0,0.0,1.4,5.25,8.5,1.4,5.0,8.25,1.4,4.4,7.3,1.36,4.75,8.0,1.39,5.34,8.88,1.4,4.2,9.0,1.33,5.25,10.0,44.0,1.41,1.38,5.5,5.01,10.0,8.13,38.0,1.68,1.61,2.41,2.28,29.0,-1.5,2.1,2.05,1.88,1.82,1.29,4.75,7.75
E0,2016-01-16,Newcastle,West Ham,2.0,1.0,H,2.0,0.0,H,N Swarbrick,23.0,10.0,10.0,3.0,9.0,4.0,3.0,3.0,1.0,0.0,0.0,0.0,2.5,3.4,3.0,2.55,3.2,2.9,2.6,3.2,2.6,2.4,3.3,2.88,2.55,3.5,2.92,2.62,3.1,2.75,2.55,3.4,3.0,44.0,2.62,2.5,3.55,3.34,3.0,2.86,42.0,2.02,1.95,1.94,1.85,27.0,-0.25,2.21,2.13,1.8,1.76,2.38,3.20,2.62
E0,2016-01-16,Southampton,West Brom,3.0,0.0,H,2.0,0.0,H,M Atkinson,9.0,9.0,5.0,0.0,10.0,11.0,1.0,3.0,0.0,0.0,0.0,0.0,1.73,3.75,5.5,1.72,3.5,5.5,1.8,3.5,4.2,1.67,3.5,5.5,1.71,3.73,5.95,1.75,3.25,5.5,1.73,3.6,6.0,44.0,1.8,1.71,3.8,3.6,6.0,5.46,41.0,2.36,2.27,1.67,1.63,27.0,-0.75,1.98,1.93,1.99,1.93,1.56,3.45,5.50
E0,2016-01-16,Tottenham,Sunderland,4.0,1.0,H,1.0,1.0,D,M Dean,26.0,5.0,11.0,2.0,8.0,13.0,11.0,3.0,0.0,2.0,0.0,0.0,1.36,5.25,9.5,1.36,5.0,8.5,1.37,4.6,7.5,1.35,4.75,9.0,1.35,5.48,10.2,1.4,4.0,10.0,1.36,5.4,10.0,44.0,1.4,1.35,5.5,5.0,10.62,9.24,41.0,1.73,1.66,2.33,2.2,29.0,-1.5,2.05,2.0,1.92,1.86,1.25,4.85,9.25
E0,2016-01-17,Liverpool,Man United,0.0,1.0,A,0.0,0.0,D,M Clattenburg,19.0,7.0,4.0,1.0,6.0,18.0,5.0,4.0,0.0,2.0,0.0,0.0,2.3,3.25,3.5,2.3,3.1,3.5,2.5,3.2,2.75,2.2,3.25,3.3,2.34,3.37,3.37,2.4,3.1,3.1,2.38,3.3,3.2,44.0,2.5,2.29,3.37,3.24,3.5,3.29,41.0,2.33,2.24,1.69,1.63,28.0,-0.25,2.01,1.94,1.95,1.92,2.10,3.15,3.10
E0,2016-01-17,Stoke,Arsenal,0.0,0.0,D,0.0,0.0,D,C Pawson,14.0,8.0,6.0,3.0,16.0,10.0,6.0,6.0,0.0,0.0,0.0,0.0,4.33,3.6,1.95,4.0,3.6,1.95,3.8,3.45,1.9,4.0,3.5,1.91,4.29,3.61,1.96,4.33,3.1,1.95,4.3,3.6,1.95,44.0,4.33,4.11,3.61,3.47,2.0,1.93,41.0,2.08,2.0,1.88,1.81,27.0,0.25,2.35,2.24,1.73,1.68,4.10,3.40,1.74
E0,2016-01-18,Swansea,Watford,1.0,0.0,H,1.0,0.0,H,M Oliver,10.0,13.0,2.0,2.0,8.0,11.0,6.0,3.0,2.0,2.0,0.0,0.0,2.38,3.25,3.4,2.4,3.25,3.1,2.3,3.3,2.9,2.3,3.1,3.2,2.42,3.31,3.28,2.5,3.1,2.9,2.4,3.2,3.4,43.0,2.5,2.39,3.31,3.2,3.4,3.15,41.0,2.5,2.39,1.62,1.57,27.0,-0.25,2.07,2.02,1.88,1.85,2.25,2.95,3.00
E0,2016-01-23,Crystal Palace,Tottenham,1.0,3.0,A,1.0,0.0,H,M Atkinson,11.0,24.0,3.0,11.0,11.0,12.0,3.0,10.0,2.0,2.0,0.0,0.0,3.6,3.5,2.15,3.4,3.2,2.15,3.2,3.2,2.2,3.5,3.2,2.15,3.63,3.4,2.22,3.3,3.3,2.2,3.6,3.4,2.2,46.0,3.63,3.48,3.5,3.3,2.25,2.18,40.0,2.29,2.17,1.8,1.69,27.0,0.25,2.11,2.04,1.9,1.84,3.40,3.15,1.98
E0,2016-01-23,Leicester,Stoke,3.0,0.0,H,1.0,0.0,H,M Dean,15.0,3.0,5.0,2.0,10.0,13.0,8.0,4.0,0.0,1.0,0.0,0.0,2.1,3.5,3.8,2.1,3.25,3.5,2.0,3.3,3.6,1.95,3.3,3.8,2.07,3.48,4.0,2.05,3.25,3.8,2.1,3.4,4.0,46.0,2.1,2.04,3.5,3.36,4.0,3.83,40.0,2.28,2.16,1.75,1.68,27.0,-0.5,2.08,2.02,1.95,1.9,1.84,3.25,3.80
E0,2016-01-23,Man United,Southampton,0.0,1.0,A,0.0,0.0,D,M Jones,8.0,7.0,1.0,2.0,11.0,8.0,4.0,4.0,0.0,0.0,0.0,0.0,1.91,3.5,4.75,1.9,3.4,4.4,1.8,3.5,4.2,1.85,3.3,4.5,1.91,3.45,4.84,1.91,3.2,4.5,1.9,3.4,4.8,46.0,1.95,1.88,3.54,3.37,4.84,4.55,39.0,2.48,2.36,1.62,1.58,27.0,-0.5,1.95,1.9,2.02,1.94,1.71,3.20,4.60
E0,2016-01-23,Norwich,Liverpool,4.0,5.0,A,2.0,1.0,H,L Mason,6.0,13.0,5.0,7.0,10.0,14.0,3.0,3.0,0.0,1.0,0.0,0.0,4.33,3.5,1.95,4.0,3.5,1.95,3.6,3.3,2.0,3.8,3.4,1.95,4.35,3.5,1.98,4.33,3.25,1.91,4.2,3.5,2.0,46.0,4.35,4.08,3.6,3.42,2.05,1.96,40.0,2.22,2.12,1.8,1.71,28.0,0.5,1.96,1.9,2.05,1.98,3.90,3.30,1.80
E0,2016-01-23,Sunderland,Bournemouth,1.0,1.0,D,1.0,1.0,D,R East,10.0,15.0,5.0,5.0,5.0,9.0,3.0,4.0,1.0,1.0,0.0,0.0,3.0,3.4,2.5,2.8,3.2,2.5,2.65,3.3,2.5,2.9,3.1,2.4,3.06,3.34,2.54,3.0,3.0,2.5,3.0,3.3,2.55,46.0,3.07,2.94,3.4,3.26,2.55,2.48,40.0,2.2,2.12,1.77,1.71,28.0,0.0,2.17,2.07,1.82,1.76,2.85,3.15,2.25
E0,2016-01-23,Watford,Newcastle,2.0,1.0,H,0.0,0.0,D,A Marriner,13.0,11.0,5.0,2.0,10.0,12.0,2.0,7.0,2.0,1.0,0.0,0.0,2.05,3.5,4.0,2.1,3.4,3.3,2.0,3.3,3.6,2.0,3.4,3.6,2.07,3.54,3.93,2.1,3.2,3.75,2.1,3.5,3.8,46.0,2.1,2.05,3.54,3.39,4.0,3.75,40.0,2.15,2.07,1.8,1.74,27.0,-0.5,2.1,2.04,1.9,1.82,1.94,3.20,3.50
E0,2016-01-23,West Brom,Aston Villa,0.0,0.0,D,0.0,0.0,D,R Madley,4.0,15.0,0.0,4.0,7.0,13.0,2.0,6.0,0.0,1.0,0.0,0.0,2.1,3.3,4.0,2.1,3.2,3.5,2.15,3.25,3.25,2.1,3.1,3.8,2.17,3.28,3.92,2.1,3.0,4.0,2.2,3.1,4.0,46.0,2.2,2.13,3.4,3.17,4.0,3.82,37.0,2.68,2.53,1.56,1.5,28.0,-0.25,1.93,1.84,2.1,1.95,2.03,2.95,3.55
E0,2016-01-23,West Ham,Man City,2.0,2.0,D,1.0,1.0,D,C Pawson,10.0,16.0,3.0,3.0,11.0,15.0,5.0,2.0,2.0,3.0,0.0,0.0,5.0,4.0,1.73,4.6,4.0,1.72,4.7,3.6,1.7,4.75,3.8,1.67,5.19,4.09,1.71,5.0,3.6,1.73,5.4,3.8,1.73,45.0,5.4,4.98,4.1,3.87,1.74,1.7,39.0,1.77,1.71,2.21,2.12,27.0,0.75,2.05,1.98,1.95,1.88,4.90,3.90,1.53
E0,2016-01-24,Arsenal,Chelsea,0.0,1.0,A,0.0,1.0,A,M Clattenburg,9.0,12.0,1.0,6.0,14.0,13.0,6.0,7.0,1.0,3.0,1.0,0.0,2.1,3.5,3.9,2.05,3.3,4.0,2.2,3.25,3.3,2.0,3.4,3.6,2.06,3.62,3.87,2.1,3.2,3.75,2.05,3.5,4.0,46.0,2.2,2.04,3.62,3.43,4.0,3.76,41.0,2.02,1.94,1.96,1.87,28.0,-0.5,2.21,2.1,1.83,1.75,1.87,3.30,3.60
E0,2016-01-24,Everton,Swansea,1.0,2.0,A,1.0,2.0,A,A Taylor,20.0,7.0,2.0,5.0,5.0,12.0,7.0,1.0,0.0,3.0,0.0,0.0,1.73,3.8,5.5,1.72,3.6,4.75,1.7,3.6,4.7,1.67,3.6,5.25,1.69,3.92,5.77,1.67,3.6,5.5,1.7,3.9,5.5,46.0,1.75,1.68,4.0,3.75,5.77,5.31,41.0,2.04,1.95,1.91,1.86,28.0,-0.75,1.99,1.94,2.03,1.93,1.62,3.55,4.65
E0,2016-02-02,Arsenal,Southampton,0.0,0.0,D,0.0,0.0,D,L Mason,21.0,14.0,11.0,3.0,11.0,19.0,13.0,3.0,2.0,1.0,0.0,0.0,1.75,3.75,5.25,1.8,3.5,4.75,1.75,3.5,4.5,1.73,3.5,5.0,1.76,3.72,5.39,1.8,3.2,5.0,1.75,3.75,5.2,49.0,1.83,1.76,3.75,3.58,5.62,5.0,42.0,2.14,2.07,1.81,1.74,32.0,-1.0,2.48,2.39,1.63,1.6,1.62,3.50,4.70
E0,2016-02-02,Crystal Palace,Bournemouth,1.0,2.0,A,1.0,1.0,D,M Jones,14.0,8.0,3.0,4.0,11.0,15.0,5.0,3.0,3.0,4.0,0.0,0.0,2.45,3.3,3.2,2.4,3.2,2.9,2.3,3.2,3.0,2.4,3.1,3.1,2.48,3.25,3.23,2.5,3.1,3.0,2.45,3.25,3.25,49.0,2.5,2.42,3.32,3.19,3.33,3.12,42.0,2.37,2.24,1.68,1.63,31.0,-0.25,2.11,2.05,1.85,1.82,2.33,3.05,2.80
E0,2016-02-02,Leicester,Liverpool,2.0,0.0,H,0.0,0.0,D,A Marriner,13.0,14.0,6.0,2.0,6.0,7.0,3.0,12.0,0.0,1.0,0.0,0.0,2.63,3.4,2.88,2.6,3.2,2.8,2.6,3.2,2.6,2.5,3.3,2.7,2.62,3.44,2.88,2.62,3.1,2.8,2.63,3.3,2.9,48.0,2.65,2.58,3.51,3.28,2.9,2.81,43.0,2.15,2.06,1.83,1.76,30.0,0.0,1.9,1.85,2.06,2.0,2.47,3.15,2.55
E0,2016-02-02,Man United,Stoke,3.0,0.0,H,2.0,0.0,H,R East,15.0,10.0,5.0,0.0,13.0,13.0,2.0,5.0,2.0,1.0,0.0,0.0,1.7,3.75,5.75,1.67,3.7,5.5,1.75,3.5,4.5,1.65,3.6,5.75,1.68,3.82,6.17,1.67,3.5,6.0,1.7,3.6,6.25,49.0,1.75,1.67,3.83,3.67,6.26,5.73,42.0,2.34,2.25,1.67,1.63,32.0,-1.0,2.3,2.22,1.74,1.69,1.52,3.55,5.70
E0,2016-02-02,Norwich,Tottenham,0.0,3.0,A,0.0,2.0,A,K Friend,10.0,17.0,2.0,6.0,8.0,9.0,6.0,8.0,2.0,2.0,0.0,0.0,4.5,3.75,1.85,4.25,3.4,1.85,3.8,3.45,1.9,4.2,3.6,1.83,4.57,3.79,1.85,4.5,3.4,1.83,4.75,3.75,1.83,48.0,4.8,4.37,3.88,3.64,1.9,1.84,42.0,1.97,1.89,1.97,1.91,31.0,0.75,1.83,1.79,2.14,2.08,4.05,3.45,1.73
E0,2016-02-02,Sunderland,Man City,0.0,1.0,A,0.0,1.0,A,S Attwell,11.0,6.0,2.0,2.0,6.0,15.0,8.0,4.0,1.0,4.0,0.0,0.0,8.0,4.75,1.45,6.75,4.5,1.48,6.1,4.0,1.5,6.5,4.5,1.44,7.5,4.73,1.48,7.0,4.0,1.5,8.0,4.75,1.45,48.0,8.0,7.06,4.8,4.49,1.5,1.47,41.0,1.71,1.66,2.32,2.21,32.0,1.0,2.21,2.14,1.79,1.74,6.20,4.20,1.40
E0,2016-02-02,West Brom,Swansea,1.0,1.0,D,0.0,0.0,D,N Swarbrick,17.0,18.0,7.0,4.0,12.0,13.0,7.0,7.0,0.0,0.0,0.0,0.0,2.63,3.1,3.1,2.5,3.1,2.9,2.5,3.05,2.85,2.6,2.9,3.0,2.68,3.04,3.14,2.62,3.0,2.9,2.7,3.0,3.1,49.0,2.7,2.61,3.1,3.01,3.25,3.01,38.0,2.91,2.71,1.5,1.45,30.0,-0.25,2.26,2.2,1.75,1.71,2.57,2.85,2.68
E0,2016-02-02,West Ham,Aston Villa,2.0,0.0,H,0.0,0.0,D,J Moss,25.0,6.0,6.0,2.0,9.0,11.0,5.0,5.0,3.0,0.0,0.0,1.0,1.91,3.5,4.75,1.85,3.5,4.1,1.9,3.45,3.8,1.85,3.4,4.33,1.89,3.57,4.69,1.91,3.2,4.33,1.9,3.5,4.75,49.0,1.95,1.88,3.57,3.46,4.87,4.42,42.0,2.26,2.16,1.74,1.68,30.0,-0.75,2.21,2.15,1.77,1.74,1.69,3.35,4.50
E0,2016-02-03,Everton,Newcastle,3.0,0.0,H,1.0,0.0,H,C Pawson,18.0,7.0,7.0,3.0,8.0,15.0,3.0,3.0,1.0,2.0,0.0,1.0,1.65,4.2,5.5,1.67,3.5,5.25,1.65,3.7,4.9,1.65,4.0,4.75,1.68,4.27,5.23,1.67,3.8,5.0,1.65,4.2,5.5,48.0,1.72,1.65,4.36,4.03,5.5,5.12,40.0,1.67,1.63,2.36,2.26,31.0,-1.0,2.2,2.12,1.8,1.76,1.55,3.90,4.70
E0,2016-02-03,Watford,Chelsea,0.0,0.0,D,0.0,0.0,D,M Dean,12.0,12.0,3.0,4.0,10.0,13.0,7.0,7.0,2.0,1.0,0.0,0.0,4.33,3.5,1.95,4.1,3.4,1.95,3.6,3.3,2.0,4.0,3.3,1.91,4.32,3.43,2.01,4.0,3.25,2.0,4.4,3.4,2.0,48.0,4.4,4.1,3.51,3.36,2.05,1.98,41.0,2.31,2.23,1.71,1.65,29.0,0.5,1.95,1.91,2.01,1.96,4.00,3.25,1.80
E0,2016-02-06,Aston Villa,Norwich,2.0,0.0,H,1.0,0.0,H,M Atkinson,10.0,12.0,3.0,4.0,10.0,11.0,2.0,11.0,0.0,2.0,0.0,0.0,2.45,3.2,3.3,2.4,3.2,2.9,2.4,3.2,2.85,2.3,3.2,3.2,2.44,3.27,3.28,2.4,3.1,3.1,2.45,3.25,3.25,45.0,2.45,2.38,3.32,3.18,3.31,3.18,38.0,2.35,2.27,1.68,1.62,27.0,-0.25,2.08,2.01,1.89,1.85,2.25,3.05,2.92
E0,2016-02-06,Liverpool,Sunderland,2.0,2.0,D,0.0,0.0,D,R Madley,16.0,7.0,5.0,2.0,4.0,12.0,7.0,2.0,1.0,1.0,0.0,0.0,1.44,4.75,8.5,1.44,4.33,8.0,1.4,4.4,7.3,1.4,4.33,7.5,1.45,4.71,8.42,1.44,4.2,8.0,1.44,4.6,8.5,45.0,1.5,1.44,4.75,4.46,9.0,7.82,37.0,1.82,1.76,2.12,2.04,28.0,-1.5,2.38,2.28,1.68,1.66,1.32,4.40,7.75
E0,2016-02-06,Man City,Leicester,1.0,3.0,A,0.0,1.0,A,A Taylor,22.0,14.0,4.0,7.0,9.0,15.0,11.0,4.0,2.0,2.0,0.0,0.0,1.62,4.2,6.0,1.62,4.0,5.5,1.6,4.0,5.0,1.57,4.0,5.75,1.61,4.26,6.14,1.62,3.6,6.0,1.62,4.2,6.0,45.0,1.63,1.6,4.3,4.06,6.28,5.75,36.0,1.76,1.7,2.25,2.12,29.0,-1.0,2.03,1.99,1.91,1.86,1.45,4.05,5.60
E0,2016-02-06,Newcastle,West Brom,1.0,0.0,H,1.0,0.0,H,L Mason,19.0,7.0,7.0,0.0,12.0,12.0,8.0,4.0,0.0,3.0,0.0,0.0,2.15,3.4,3.8,2.15,3.2,3.4,2.1,3.3,3.3,2.15,3.1,3.6,2.22,3.33,3.71,2.2,3.3,3.3,2.15,3.3,3.9,45.0,2.25,2.14,3.4,3.28,3.9,3.63,37.0,2.36,2.25,1.69,1.63,26.0,-0.25,1.9,1.83,2.1,2.03,2.07,3.10,3.25
E0,2016-02-06,Southampton,West Ham,1.0,0.0,H,1.0,0.0,H,M Clattenburg,8.0,18.0,2.0,2.0,17.0,10.0,4.0,5.0,1.0,2.0,1.0,0.0,1.73,3.8,5.5,1.72,3.5,5.0,1.7,3.6,4.7,1.67,3.6,5.25,1.77,3.74,5.33,1.75,3.5,5.0,1.75,3.7,5.5,41.0,1.8,1.73,3.8,3.64,5.5,5.14,37.0,2.21,2.12,1.8,1.71,27.0,-0.75,2.0,1.93,1.97,1.93,1.59,3.45,5.15
E0,2016-02-06,Stoke,Everton,0.0,3.0,A,0.0,3.0,A,A Marriner,11.0,14.0,3.0,6.0,11.0,8.0,6.0,4.0,1.0,0.0,0.0,0.0,2.7,3.4,2.8,2.6,3.3,2.75,2.55,3.3,2.6,2.5,3.2,2.8,2.66,3.36,2.88,2.62,3.1,2.8,2.6,3.4,2.9,45.0,2.75,2.6,3.47,3.28,2.92,2.79,38.0,2.1,1.98,1.9,1.81,26.0,-0.25,2.3,2.22,1.75,1.7,2.45,3.20,2.55
E0,2016-02-06,Swansea,Crystal Palace,1.0,1.0,D,1.0,0.0,H,M Dean,19.0,12.0,3.0,2.0,11.0,14.0,9.0,5.0,1.0,2.0,0.0,0.0,2.25,3.3,3.6,2.25,3.2,3.2,2.1,3.3,3.3,2.2,3.1,3.5,2.26,3.28,3.67,2.25,3.1,3.4,2.2,3.25,3.7,45.0,2.3,2.23,3.3,3.2,3.72,3.49,38.0,2.48,2.36,1.63,1.57,27.0,-0.25,1.95,1.9,2.01,1.97,2.03,3.05,3.40
E0,2016-02-06,Tottenham,Watford,1.0,0.0,H,0.0,0.0,D,R East,26.0,3.0,9.0,0.0,12.0,9.0,15.0,1.0,0.0,1.0,0.0,0.0,1.5,4.33,8.0,1.5,4.0,6.5,1.5,4.0,6.1,1.48,4.0,7.0,1.51,4.39,7.73,1.5,4.0,7.0,1.5,4.33,8.0,44.0,1.54,1.49,4.4,4.22,8.0,7.19,37.0,1.96,1.87,1.97,1.91,28.0,-1.0,1.87,1.82,2.1,2.04,1.37,4.20,6.80
E0,2016-02-07,Bournemouth,Arsenal,0.0,2.0,A,0.0,2.0,A,K Friend,17.0,10.0,4.0,5.0,6.0,8.0,7.0,3.0,0.0,1.0,0.0,0.0,3.8,3.5,2.1,3.7,3.4,2.05,3.6,3.3,2.0,3.6,3.4,2.05,3.84,3.58,2.08,4.0,3.2,2.0,4.0,3.5,2.05,45.0,4.0,3.72,3.66,3.41,2.13,2.05,37.0,2.1,2.02,1.85,1.77,26.0,0.5,1.86,1.83,2.09,2.04,3.70,3.30,1.85
E0,2016-02-07,Chelsea,Man United,1.0,1.0,D,0.0,0.0,D,M Oliver,16.0,17.0,5.0,7.0,6.0,9.0,10.0,11.0,0.0,3.0,0.0,0.0,2.15,3.3,3.9,2.1,3.2,3.9,2.2,3.3,3.1,2.05,3.2,3.8,2.1,3.37,4.04,2.1,3.1,3.8,2.15,3.25,4.0,45.0,2.2,2.09,3.4,3.26,4.2,3.83,37.0,2.49,2.34,1.64,1.58,26.0,-0.5,2.12,2.08,1.85,1.8,1.92,3.10,3.70
E0,2016-02-13,Bournemouth,Stoke,1.0,3.0,A,0.0,1.0,A,G Scott,11.0,11.0,2.0,6.0,7.0,18.0,9.0,2.0,4.0,2.0,0.0,0.0,2.05,3.4,4.1,2.05,3.3,3.6,2.1,3.3,3.3,2.0,3.25,3.8,2.07,3.44,4.06,2.05,3.1,4.0,2.05,3.4,4.1,45.0,2.15,2.05,3.52,3.35,4.2,3.82,37.0,2.25,2.14,1.8,1.7,27.0,-0.25,1.8,1.76,2.2,2.12,1.92,3.20,3.55
E0,2016-02-13,Chelsea,Newcastle,5.0,1.0,H,3.0,0.0,H,R Madley,15.0,10.0,5.0,4.0,16.0,14.0,8.0,3.0,0.0,1.0,1.0,0.0,1.44,4.75,8.0,1.45,4.5,7.0,1.5,4.0,6.1,1.44,4.5,7.0,1.46,4.79,7.95,1.44,4.2,8.0,1.44,4.8,8.0,45.0,1.5,1.44,4.8,4.55,8.1,7.42,37.0,1.7,1.65,2.4,2.22,29.0,-1.0,1.74,1.71,2.27,2.2,1.33,4.40,7.40
E0,2016-02-13,Crystal Palace,Watford,1.0,2.0,A,1.0,1.0,D,R East,14.0,10.0,7.0,3.0,11.0,16.0,8.0,5.0,0.0,2.0,0.0,0.0,2.25,3.3,3.6,2.25,3.2,3.2,2.2,3.3,3.1,2.2,3.1,3.5,2.24,3.28,3.71,2.3,3.1,3.3,2.25,3.2,3.75,45.0,2.3,2.23,3.33,3.2,3.77,3.51,37.0,2.44,2.34,1.65,1.59,28.0,-0.25,1.92,1.87,2.04,1.99,2.10,3.05,3.25
E0,2016-02-13,Everton,West Brom,0.0,1.0,A,0.0,1.0,A,M Oliver,34.0,5.0,6.0,1.0,9.0,12.0,14.0,1.0,1.0,3.0,0.0,0.0,1.53,4.2,7.5,1.53,3.9,6.25,1.6,3.7,5.4,1.5,4.0,6.5,1.52,4.33,7.65,1.53,3.75,7.0,1.53,4.2,7.5,45.0,1.6,1.52,4.35,4.13,7.71,6.82,38.0,2.02,1.92,1.95,1.88,30.0,-1.0,1.9,1.86,2.06,2.0,1.41,4.05,6.30
E0,2016-02-13,Norwich,West Ham,2.0,2.0,D,0.0,0.0,D,M Jones,13.0,11.0,3.0,6.0,16.0,11.0,3.0,3.0,2.0,2.0,0.0,0.0,2.38,3.4,3.25,2.4,3.3,3.0,2.6,3.2,2.6,2.4,3.25,2.9,2.43,3.42,3.16,2.5,3.2,2.9,2.45,3.4,3.13,45.0,2.6,2.41,3.53,3.33,3.25,3.02,38.0,2.08,1.99,1.9,1.8,28.0,-0.25,2.09,2.04,1.88,1.83,2.25,3.20,2.80
E0,2016-02-13,Sunderland,Man United,2.0,1.0,H,1.0,1.0,D,A Marriner,21.0,12.0,5.0,6.0,7.0,15.0,6.0,8.0,2.0,3.0,0.0,0.0,5.25,3.75,1.75,4.75,3.5,1.8,4.5,3.5,1.75,4.75,3.5,1.75,5.1,3.74,1.79,5.0,3.3,1.8,5.5,3.7,1.75,45.0,5.5,5.0,3.78,3.6,1.83,1.76,38.0,2.25,2.15,1.75,1.69,29.0,1.0,1.65,1.6,2.52,2.4,5.05,3.45,1.60
E0,2016-02-13,Swansea,Southampton,0.0,1.0,A,0.0,0.0,D,J Moss,13.0,13.0,2.0,5.0,10.0,12.0,5.0,4.0,0.0,3.0,0.0,0.0,3.2,3.25,2.5,2.9,3.2,2.4,2.6,3.2,2.6,3.1,3.1,2.3,3.24,3.26,2.47,3.0,3.1,2.5,3.25,3.2,2.45,45.0,3.25,3.11,3.33,3.18,2.6,2.43,35.0,2.5,2.4,1.6,1.55,28.0,0.25,1.86,1.82,2.1,2.04,3.00,3.00,2.23
E0,2016-02-14,Arsenal,Leicester,2.0,1.0,H,0.0,1.0,A,M Atkinson,24.0,7.0,6.0,3.0,9.0,10.0,11.0,1.0,4.0,3.0,0.0,1.0,1.75,4.0,5.0,1.75,4.0,4.33,1.8,3.5,4.2,1.7,3.8,4.5,1.71,4.16,5.08,1.75,3.8,4.5,1.75,4.1,4.75,45.0,1.8,1.72,4.2,3.95,5.11,4.71,38.0,1.81,1.76,2.16,2.05,29.0,-1.0,2.28,2.21,1.75,1.7,1.58,3.80,4.60
E0,2016-02-14,Aston Villa,Liverpool,0.0,6.0,A,0.0,2.0,A,N Swarbrick,6.0,11.0,1.0,9.0,10.0,9.0,0.0,6.0,3.0,1.0,0.0,0.0,4.75,3.6,1.85,4.5,3.5,1.85,3.6,3.3,2.0,4.5,3.4,1.8,4.89,3.59,1.86,4.5,3.4,1.85,5.0,3.6,1.83,45.0,5.04,4.59,3.62,3.49,2.0,1.84,37.0,2.32,2.23,1.7,1.65,28.0,0.75,1.82,1.78,2.15,2.09,4.75,3.40,1.64
E0,2016-02-14,Man City,Tottenham,1.0,2.0,A,0.0,0.0,D,M Clattenburg,19.0,6.0,4.0,3.0,12.0,17.0,7.0,1.0,1.0,3.0,0.0,0.0,2.1,3.75,3.6,2.1,3.5,3.6,1.9,3.45,3.8,2.05,3.4,3.5,2.06,3.66,3.82,2.1,3.3,3.6,2.05,3.6,3.9,45.0,2.1,2.06,3.79,3.53,3.9,3.61,38.0,1.78,1.72,2.2,2.11,28.0,-0.25,1.81,1.79,2.18,2.09,1.90,3.45,3.35
E0,2016-02-27,Leicester,Norwich,1.0,0.0,H,0.0,0.0,D,N Swarbrick,13.0,9.0,3.0,1.0,9.0,11.0,3.0,4.0,0.0,2.0,0.0,0.0,1.5,4.33,6.0,1.5,4.2,6.0,1.5,4.0,6.1,1.5,4.2,6.0,1.57,4.42,6.32,1.5,4.2,6.5,1.55,4.4,6.5,48.0,1.59,1.54,4.5,4.24,6.5,6.11,40.0,1.81,1.74,2.2,2.08,33.0,-1.0,2.0,1.92,1.97,1.93,1.40,4.15,6.25
E0,2016-02-27,Southampton,Chelsea,1.0,2.0,A,1.0,0.0,H,M Atkinson,7.0,16.0,2.0,4.0,10.0,11.0,7.0,8.0,3.0,1.0,0.0,0.0,2.8,3.25,2.5,2.9,3.2,2.55,2.85,3.2,2.5,2.8,3.1,2.5,2.9,3.37,2.65,2.75,3.2,2.62,2.9,3.3,2.63,48.0,2.96,2.83,3.37,3.22,2.65,2.58,40.0,2.25,2.16,1.74,1.68,30.0,0.25,1.75,1.71,2.27,2.2,2.65,3.05,2.45
E0,2016-02-27,Stoke,Aston Villa,2.0,1.0,H,0.0,0.0,D,K Friend,11.0,5.0,3.0,1.0,7.0,15.0,11.0,0.0,0.0,3.0,0.0,0.0,1.62,3.75,5.5,1.65,3.6,5.5,1.65,3.6,5.1,1.67,3.6,5.5,1.69,3.74,6.16,1.67,3.4,6.0,1.7,3.75,6.0,48.0,1.71,1.67,3.8,3.63,6.16,5.67,40.0,2.35,2.27,1.69,1.62,32.0,-1.0,2.35,2.26,1.7,1.67,1.54,3.55,5.50
E0,2016-02-27,Watford,Bournemouth,0.0,0.0,D,0.0,0.0,D,A Taylor,14.0,11.0,1.0,3.0,14.0,17.0,4.0,5.0,3.0,1.0,0.0,0.0,2.38,3.25,3.0,2.35,3.1,3.1,2.2,3.2,3.2,2.38,3.2,3.0,2.45,3.31,3.22,2.38,3.25,3.0,2.45,3.3,3.2,48.0,2.45,2.37,3.35,3.22,3.25,3.1,40.0,2.29,2.16,1.75,1.69,31.0,-0.25,2.09,2.03,1.88,1.83,2.22,3.10,2.95
E0,2016-02-27,West Brom,Crystal Palace,3.0,2.0,H,3.0,0.0,H,J Moss,11.0,15.0,5.0,2.0,14.0,16.0,3.0,6.0,2.0,2.0,0.0,0.0,2.6,3.1,2.8,2.6,3.1,2.9,2.5,3.2,2.75,2.75,3.0,2.75,2.84,3.13,2.87,2.6,3.0,2.9,2.8,3.1,2.88,48.0,2.85,2.7,3.2,3.07,2.9,2.81,37.0,2.6,2.45,1.59,1.54,30.0,0.0,1.96,1.91,1.99,1.94,2.60,2.92,2.58
E0,2016-02-27,West Ham,Sunderland,1.0,0.0,H,1.0,0.0,H,M Dean,9.0,13.0,3.0,4.0,11.0,9.0,5.0,6.0,1.0,0.0,0.0,0.0,1.8,3.5,4.5,1.83,3.4,4.33,1.85,3.45,4.0,1.8,3.6,4.33,1.85,3.75,4.7,1.83,3.6,4.2,1.83,3.7,4.75,48.0,1.89,1.84,3.75,3.58,4.75,4.39,40.0,2.0,1.93,1.93,1.86,31.0,-0.75,2.14,2.09,1.83,1.79,1.72,3.40,4.20
E0,2016-02-28,Tottenham,Swansea,2.0,1.0,H,0.0,1.0,A,M Jones,34.0,10.0,14.0,4.0,11.0,14.0,7.0,7.0,2.0,3.0,0.0,0.0,1.4,4.2,9.0,1.45,3.9,8.0,1.45,4.0,7.0,1.44,4.0,8.0,1.48,4.5,8.27,1.44,4.2,7.5,1.45,4.5,8.0,44.0,1.5,1.45,4.6,4.27,9.0,7.83,36.0,2.06,1.96,1.88,1.83,29.0,-1.5,2.49,2.39,1.65,1.6,1.38,4.05,7.00
E0,2016-02-28,Man United,Arsenal,3.0,2.0,H,2.0,1.0,H,C Pawson,7.0,13.0,5.0,5.0,21.0,15.0,2.0,3.0,4.0,3.0,0.0,0.0,3.0,3.25,2.38,2.95,3.2,2.5,2.7,3.1,2.6,2.9,3.1,2.4,3.32,3.32,2.39,3.3,3.2,2.25,3.4,3.25,2.38,44.0,3.4,3.17,3.32,3.21,2.6,2.37,37.0,2.42,2.27,1.67,1.62,27.0,0.25,1.9,1.86,2.05,2.0,2.90,3.05,2.27
E0,2016-03-01,Aston Villa,Everton,1.0,3.0,A,0.0,2.0,A,R East,14.0,10.0,5.0,7.0,8.0,7.0,9.0,8.0,3.0,1.0,0.0,0.0,4.5,3.6,1.91,4.33,3.6,1.85,3.8,3.45,1.9,4.5,3.5,1.9,4.44,3.69,1.91,4.5,3.4,1.85,4.6,3.6,1.9,47.0,4.7,4.4,3.7,3.53,1.93,1.87,39.0,2.08,2.0,1.9,1.81,29.0,0.75,1.8,1.76,2.2,2.13,4.50,3.50,1.65
E0,2016-03-01,Bournemouth,Southampton,2.0,0.0,H,1.0,0.0,H,M Dean,9.0,6.0,4.0,1.0,11.0,18.0,10.0,2.0,0.0,0.0,0.0,0.0,2.9,3.25,2.7,2.75,3.3,2.6,2.75,3.2,2.5,2.9,3.2,2.62,2.91,3.3,2.68,2.88,3.1,2.62,2.9,3.2,2.7,47.0,2.97,2.87,3.3,3.17,2.71,2.63,38.0,2.4,2.29,1.68,1.62,29.0,0.0,2.07,2.01,1.92,1.85,2.70,3.00,2.43
E0,2016-03-01,Leicester,West Brom,2.0,2.0,D,2.0,1.0,H,M Clattenburg,22.0,11.0,5.0,3.0,10.0,8.0,11.0,3.0,0.0,2.0,0.0,0.0,1.73,3.8,5.5,1.7,3.75,5.25,1.7,3.6,4.7,1.67,3.75,6.0,1.73,3.84,5.5,1.7,3.5,5.5,1.7,3.75,6.0,47.0,1.77,1.7,3.85,3.67,6.0,5.44,39.0,2.21,2.13,1.77,1.71,31.0,-1.0,2.38,2.3,1.7,1.65,1.51,3.65,5.60
E0,2016-03-01,Norwich,Chelsea,1.0,2.0,A,0.0,2.0,A,L Mason,13.0,10.0,2.0,2.0,17.0,5.0,4.0,4.0,3.0,2.0,0.0,0.0,5.25,4.0,1.7,5.25,3.8,1.67,5.1,3.6,1.65,5.5,4.0,1.67,5.31,4.08,1.7,5.5,3.6,1.67,5.4,4.0,1.7,46.0,5.7,5.26,4.08,3.89,1.71,1.68,39.0,1.91,1.83,2.05,1.97,31.0,1.0,1.75,1.71,2.26,2.19,5.40,3.80,1.50
E0,2016-03-01,Sunderland,Crystal Palace,2.0,2.0,D,1.0,0.0,H,A Taylor,17.0,13.0,6.0,5.0,11.0,14.0,4.0,5.0,1.0,1.0,0.0,0.0,2.5,3.3,3.1,2.45,3.2,3.0,2.5,3.3,2.65,2.45,3.2,3.2,2.48,3.36,3.13,2.5,3.1,3.0,2.5,3.3,3.13,47.0,2.55,2.46,3.4,3.24,3.2,3.03,39.0,2.28,2.18,1.72,1.68,30.0,-0.25,2.14,2.09,1.84,1.8,2.37,3.10,2.70
E0,2016-03-02,Arsenal,Swansea,1.0,2.0,A,1.0,1.0,D,R Madley,18.0,11.0,4.0,2.0,8.0,11.0,7.0,3.0,0.0,2.0,0.0,0.0,1.36,5.25,10.0,1.36,4.6,8.25,1.35,4.8,7.6,1.36,5.0,10.0,1.37,5.21,10.28,1.36,4.8,8.5,1.36,5.2,10.0,47.0,1.4,1.36,5.25,4.9,10.28,9.25,39.0,1.83,1.76,2.17,2.04,31.0,-1.5,2.12,2.06,1.86,1.8,1.28,4.60,8.60
E0,2016-03-02,Liverpool,Man City,3.0,0.0,H,2.0,0.0,H,M Atkinson,11.0,4.0,7.0,2.0,14.0,14.0,3.0,2.0,0.0,1.0,0.0,0.0,2.63,3.4,2.88,2.55,3.2,2.75,2.6,3.2,2.6,2.62,3.4,2.8,2.64,3.5,2.81,2.62,3.2,2.8,2.7,3.4,2.8,46.0,2.7,2.57,3.51,3.33,2.88,2.79,39.0,2.0,1.93,1.95,1.87,29.0,-0.25,2.27,2.2,1.75,1.71,2.42,3.20,2.57
E0,2016-03-02,Man United,Watford,1.0,0.0,H,0.0,0.0,D,M Jones,14.0,13.0,3.0,3.0,7.0,17.0,9.0,7.0,1.0,2.0,0.0,0.0,1.67,3.8,6.0,1.65,3.5,5.5,1.65,3.6,5.1,1.67,3.75,6.0,1.66,3.92,6.21,1.67,3.4,6.0,1.67,3.9,6.0,47.0,1.69,1.65,4.0,3.71,6.5,5.87,39.0,2.22,2.12,1.77,1.71,31.0,-1.0,2.23,2.17,1.76,1.72,1.53,3.55,5.60
E0,2016-03-02,Stoke,Newcastle,1.0,0.0,H,0.0,0.0,D,N Swarbrick,9.0,5.0,2.0,3.0,11.0,6.0,5.0,2.0,1.0,0.0,0.0,0.0,2.0,3.5,4.2,1.83,3.4,4.33,1.9,3.45,3.8,1.95,3.4,4.33,2.03,3.53,4.1,1.95,3.4,4.0,2.0,3.5,4.2,47.0,2.05,1.97,3.57,3.39,4.33,4.07,39.0,2.12,2.05,1.83,1.76,29.0,-0.25,1.75,1.69,2.28,2.23,1.85,3.25,3.75
E0,2016-03-02,West Ham,Tottenham,1.0,0.0,H,1.0,0.0,H,A Marriner,14.0,9.0,3.0,2.0,10.0,11.0,6.0,3.0,0.0,3.0,0.0,0.0,4.0,3.6,2.0,3.7,3.3,2.0,3.6,3.3,2.0,3.8,3.5,2.05,4.03,3.64,2.01,4.0,3.2,2.0,4.0,3.5,2.05,47.0,4.1,3.89,3.64,3.47,2.06,1.99,39.0,2.05,1.97,1.88,1.82,29.0,0.25,2.25,2.18,1.76,1.72,3.70,3.30,1.85
E0,2016-03-05,Chelsea,Stoke,1.0,1.0,D,1.0,0.0,H,M Clattenburg,20.0,16.0,7.0,5.0,9.0,10.0,8.0,4.0,1.0,2.0,0.0,0.0,1.5,4.5,7.5,1.5,3.9,6.75,1.5,4.0,6.1,1.48,4.2,7.0,1.52,4.44,7.28,1.53,3.75,7.0,1.53,4.3,7.0,47.0,1.53,1.5,4.5,4.23,7.5,6.89,39.0,1.88,1.82,2.07,1.98,32.0,-1.0,1.86,1.82,2.11,2.05,1.36,4.10,7.40
E0,2016-03-05,Everton,West Ham,2.0,3.0,A,1.0,0.0,H,A Taylor,15.0,17.0,8.0,5.0,12.0,13.0,9.0,6.0,2.0,3.0,1.0,0.0,1.73,4.0,5.0,1.7,3.6,5.0,1.8,3.5,4.2,1.67,3.8,5.0,1.71,4.11,5.17,1.75,3.5,5.0,1.7,4.1,5.2,47.0,1.8,1.7,4.2,3.91,5.25,4.93,39.0,1.77,1.72,2.2,2.1,31.0,-1.0,2.24,2.18,1.77,1.72,1.59,3.75,4.60
E0,2016-03-05,Man City,Aston Villa,4.0,0.0,H,0.0,0.0,D,L Mason,22.0,2.0,9.0,1.0,10.0,10.0,9.0,1.0,0.0,1.0,0.0,0.0,1.22,7.0,15.0,1.19,6.5,13.0,1.2,5.8,13.0,1.2,6.5,15.0,1.22,7.08,16.27,1.22,5.5,17.0,1.22,7.0,15.0,46.0,1.24,1.21,7.5,6.67,17.0,14.95,35.0,1.58,1.53,2.6,2.46,32.0,-2.0,2.11,2.04,1.9,1.82,1.12,6.50,15.00
E0,2016-03-05,Newcastle,Bournemouth,1.0,3.0,A,0.0,1.0,A,P Tierney,14.0,16.0,3.0,5.0,13.0,8.0,5.0,4.0,1.0,3.0,0.0,0.0,2.63,3.4,2.88,2.5,3.4,2.65,2.6,3.1,2.7,2.5,3.25,2.75,2.74,3.4,2.77,2.62,3.1,2.8,2.7,3.4,2.75,47.0,2.74,2.63,3.49,3.3,2.88,2.74,39.0,2.02,1.93,1.97,1.87,29.0,0.0,1.96,1.9,2.0,1.96,2.55,3.20,2.45
E0,2016-03-05,Southampton,Sunderland,1.0,1.0,D,0.0,0.0,D,N Swarbrick,16.0,11.0,5.0,3.0,9.0,9.0,12.0,2.0,2.0,1.0,1.0,0.0,1.6,4.0,6.5,1.5,3.9,6.75,1.6,3.7,5.4,1.57,3.8,6.0,1.63,4.04,6.29,1.62,3.6,6.0,1.6,4.1,6.5,47.0,1.65,1.59,4.1,3.88,6.75,6.19,39.0,2.05,1.97,1.89,1.83,32.0,-1.0,2.12,2.05,1.86,1.82,1.50,3.70,5.60
E0,2016-03-05,Swansea,Norwich,1.0,0.0,H,0.0,0.0,D,C Pawson,10.0,8.0,3.0,3.0,14.0,15.0,5.0,0.0,2.0,5.0,0.0,0.0,2.05,3.5,4.0,1.91,3.3,4.1,1.9,3.45,3.8,1.95,3.3,3.8,2.04,3.47,4.13,2.05,3.1,4.0,2.0,3.5,4.2,46.0,2.05,2.0,3.5,3.38,4.2,3.99,38.0,2.19,2.11,1.79,1.72,29.0,-0.25,1.75,1.73,2.23,2.18,1.80,3.20,4.05
E0,2016-03-05,Tottenham,Arsenal,2.0,2.0,D,0.0,1.0,A,M Oliver,26.0,10.0,11.0,4.0,9.0,10.0,9.0,2.0,2.0,2.0,0.0,1.0,2.38,3.4,3.25,2.35,3.4,2.85,2.5,3.2,2.75,2.3,3.3,3.0,2.39,3.54,3.13,2.4,3.1,3.1,2.38,3.6,3.1,47.0,2.5,2.36,3.62,3.38,3.25,3.08,40.0,1.86,1.8,2.11,2.0,30.0,-0.25,2.08,2.02,1.9,1.85,2.22,3.25,2.80
E0,2016-03-05,Watford,Leicester,0.0,1.0,A,0.0,0.0,D,J Moss,11.0,14.0,4.0,7.0,10.0,11.0,3.0,8.0,2.0,2.0,0.0,0.0,3.0,3.4,2.55,2.7,3.4,2.45,3.0,3.2,2.3,2.9,3.2,2.4,3.01,3.33,2.58,2.8,3.1,2.62,3.0,3.3,2.55,46.0,3.01,2.94,3.4,3.25,2.62,2.5,37.0,2.24,2.11,1.8,1.71,29.0,0.25,1.8,1.75,2.21,2.14,2.80,3.10,2.30
E0,2016-03-06,Crystal Palace,Liverpool,1.0,2.0,A,0.0,0.0,D,A Marriner,14.0,19.0,4.0,5.0,12.0,16.0,6.0,6.0,1.0,2.0,0.0,1.0,3.8,3.5,2.1,3.5,3.2,2.1,3.3,3.3,2.1,3.5,3.3,2.05,3.71,3.5,2.15,3.75,3.1,2.15,3.75,3.4,2.15,45.0,3.8,3.63,3.5,3.39,2.19,2.1,37.0,2.12,2.07,1.81,1.74,29.0,0.25,2.12,2.06,1.86,1.81,3.45,3.20,1.95
E0,2016-03-06,West Brom,Man United,1.0,0.0,H,0.0,0.0,D,M Dean,9.0,7.0,2.0,1.0,8.0,7.0,4.0,5.0,1.0,0.0,0.0,1.0,4.33,3.4,2.0,4.2,3.25,1.91,3.8,3.45,1.9,4.0,3.25,1.95,4.24,3.42,2.03,4.0,3.2,2.0,4.33,3.3,2.05,45.0,4.33,4.1,3.5,3.32,2.06,1.99,36.0,2.36,2.29,1.65,1.61,28.0,0.75,1.68,1.65,2.4,2.31,4.00,3.15,1.83
E0,2016-03-12,Bournemouth,Swansea,3.0,2.0,H,1.0,1.0,D,R East,12.0,12.0,4.0,4.0,12.0,11.0,5.0,3.0,1.0,0.0,0.0,0.0,1.95,3.5,4.33,1.91,3.3,4.1,2.0,3.3,3.6,1.91,3.3,4.2,1.96,3.49,4.47,2.0,3.2,4.0,1.95,3.4,4.5,45.0,2.0,1.95,3.5,3.34,4.5,4.26,38.0,2.36,2.25,1.7,1.63,28.0,-0.5,2.0,1.94,1.98,1.92,1.78,3.20,4.15
E0,2016-03-12,Norwich,Man City,0.0,0.0,D,0.0,0.0,D,J Moss,5.0,15.0,0.0,3.0,15.0,10.0,3.0,8.0,3.0,1.0,0.0,0.0,6.0,4.2,1.6,6.0,3.75,1.57,5.4,3.7,1.6,5.75,4.0,1.57,6.0,4.2,1.63,6.0,3.6,1.62,6.25,4.2,1.6,44.0,6.75,5.86,4.33,4.0,1.65,1.6,36.0,1.86,1.79,2.15,2.01,31.0,1.0,1.9,1.83,2.12,2.03,5.50,4.10,1.45
E0,2016-03-12,Stoke,Southampton,1.0,2.0,A,0.0,2.0,A,L Mason,13.0,11.0,2.0,4.0,13.0,12.0,1.0,4.0,1.0,2.0,0.0,1.0,2.7,3.2,2.9,2.7,3.2,2.6,2.65,3.1,2.65,2.7,3.1,2.75,2.73,3.22,2.91,2.7,3.1,2.7,2.75,3.2,2.88,45.0,2.75,2.68,3.22,3.14,2.93,2.8,37.0,2.5,2.37,1.65,1.57,27.0,0.0,1.93,1.89,2.02,1.97,2.50,2.95,2.67
E0,2016-03-13,Aston Villa,Tottenham,0.0,2.0,A,0.0,1.0,A,A Taylor,11.0,19.0,2.0,8.0,6.0,6.0,5.0,8.0,0.0,0.0,0.0,0.0,7.5,4.5,1.5,7.0,4.2,1.45,6.1,4.0,1.5,7.0,4.2,1.48,7.27,4.41,1.52,7.0,4.0,1.5,7.0,4.4,1.5,45.0,7.75,6.97,4.5,4.26,1.53,1.49,37.0,1.98,1.9,1.97,1.89,30.0,1.0,2.08,2.03,1.88,1.83,6.60,4.20,1.38
E0,2016-03-14,Leicester,Newcastle,1.0,0.0,H,1.0,0.0,H,C Pawson,10.0,13.0,1.0,2.0,4.0,9.0,8.0,4.0,0.0,0.0,0.0,0.0,1.57,4.33,6.25,1.53,4.0,6.0,1.65,3.6,5.1,1.55,4.0,6.0,1.62,4.29,5.92,1.62,3.6,6.0,1.62,4.2,6.0,43.0,1.67,1.59,4.33,4.08,6.5,5.76,36.0,1.81,1.74,2.2,2.07,29.0,-1.0,2.08,2.0,1.91,1.86,1.41,4.10,6.20
E0,2016-03-19,Chelsea,West Ham,2.0,2.0,D,1.0,1.0,D,R Madley,22.0,13.0,5.0,6.0,13.0,14.0,10.0,9.0,3.0,5.0,0.0,0.0,1.75,3.8,5.25,1.7,3.8,4.6,1.7,3.7,4.5,1.7,3.75,5.0,1.76,3.9,5.1,1.73,3.6,5.0,1.73,3.9,5.2,47.0,1.78,1.72,3.96,3.78,5.25,4.89,40.0,1.92,1.83,2.07,1.97,31.0,-1.0,2.42,2.28,1.89,1.66,1.55,3.70,5.00
E0,2016-03-19,Crystal Palace,Leicester,0.0,1.0,A,0.0,1.0,A,M Jones,12.0,8.0,4.0,3.0,9.0,13.0,10.0,7.0,1.0,1.0,0.0,0.0,3.0,3.4,2.5,2.95,3.2,2.4,3.0,3.2,2.3,2.9,3.25,2.4,2.96,3.35,2.6,3.0,3.1,2.5,3.0,3.3,2.55,47.0,3.1,2.93,3.5,3.26,2.6,2.48,39.0,2.2,2.14,1.76,1.7,30.0,0.25,1.81,1.76,2.22,2.13,2.80,3.15,2.27
E0,2016-03-19,Everton,Arsenal,0.0,2.0,A,0.0,2.0,A,M Clattenburg,8.0,11.0,2.0,3.0,7.0,10.0,7.0,5.0,0.0,0.0,0.0,0.0,2.7,3.5,2.7,2.6,3.4,2.55,2.6,3.2,2.6,2.62,3.5,2.5,2.67,3.64,2.69,2.5,3.6,2.6,2.7,3.6,2.7,47.0,2.77,2.62,3.7,3.48,2.75,2.63,39.0,1.75,1.7,2.23,2.14,29.0,0.25,1.71,1.67,2.35,2.26,2.40,3.40,2.48
E0,2016-03-19,Swansea,Aston Villa,1.0,0.0,H,0.0,0.0,D,M Dean,10.0,12.0,1.0,2.0,9.0,10.0,4.0,6.0,3.0,2.0,0.0,0.0,1.67,3.8,6.0,1.6,3.75,5.75,1.55,4.0,5.5,1.62,3.6,5.75,1.73,3.81,5.55,1.67,3.4,6.0,1.7,3.8,5.75,47.0,1.73,1.66,4.0,3.73,6.0,5.58,40.0,2.29,2.15,1.82,1.69,31.0,-1.0,2.34,2.22,1.74,1.7,1.54,3.60,5.35
E0,2016-03-19,Watford,Stoke,1.0,2.0,A,0.0,1.0,A,C Pawson,9.0,9.0,4.0,6.0,10.0,14.0,9.0,2.0,3.0,1.0,0.0,0.0,2.4,3.25,3.3,2.4,3.1,3.0,2.4,3.2,2.85,2.3,3.1,3.2,2.4,3.27,3.36,2.5,3.0,3.1,2.45,3.2,3.3,47.0,2.5,2.39,3.27,3.16,3.36,3.17,39.0,2.51,2.37,1.63,1.58,30.0,-0.25,2.08,2.03,1.9,1.84,2.18,3.00,3.10
E0,2016-03-19,West Brom,Norwich,0.0,1.0,A,0.0,0.0,D,A Taylor,10.0,7.0,0.0,1.0,8.0,13.0,4.0,3.0,1.0,2.0,0.0,0.0,2.25,3.3,3.6,2.2,3.1,3.4,2.1,3.3,3.3,2.2,3.1,3.4,2.31,3.24,3.6,2.25,3.2,3.3,2.25,3.2,3.7,46.0,2.33,2.23,3.3,3.2,3.7,3.45,38.0,2.51,2.35,1.65,1.58,30.0,-0.25,1.96,1.91,2.03,1.95,2.02,3.05,3.45
E0,2016-03-20,Man City,Man United,0.0,1.0,A,0.0,1.0,A,M Oliver,26.0,5.0,2.0,3.0,9.0,12.0,11.0,5.0,1.0,1.0,0.0,0.0,1.83,3.75,4.75,1.83,3.6,4.0,1.8,3.5,4.2,1.8,3.6,4.5,1.86,3.75,4.61,1.85,3.4,4.5,1.85,3.75,4.6,46.0,1.87,1.83,3.8,3.62,4.75,4.42,39.0,2.0,1.93,1.94,1.86,28.0,-0.5,1.87,1.83,2.12,2.04,1.69,3.50,4.20
E0,2016-03-20,Newcastle,Sunderland,1.0,1.0,D,0.0,1.0,A,M Atkinson,17.0,14.0,8.0,4.0,14.0,7.0,2.0,5.0,4.0,1.0,0.0,0.0,2.1,3.5,3.8,2.1,3.2,3.5,2.1,3.3,3.3,2.05,3.3,3.6,2.13,3.43,3.85,2.2,3.1,3.5,2.1,3.5,3.8,47.0,2.2,2.11,3.53,3.34,3.85,3.61,39.0,2.12,2.01,1.85,1.79,30.0,-0.25,1.93,1.81,2.14,2.06,2.06,3.20,3.15
E0,2016-03-20,Southampton,Liverpool,3.0,2.0,H,0.0,2.0,A,R East,16.0,18.0,5.0,9.0,10.0,13.0,3.0,5.0,1.0,3.0,0.0,0.0,2.63,3.4,2.88,2.4,3.3,2.85,2.6,3.2,2.6,2.5,3.1,2.8,2.71,3.29,2.88,2.75,3.0,2.75,2.7,3.25,2.9,45.0,2.75,2.61,3.4,3.21,2.9,2.81,38.0,2.35,2.22,1.7,1.65,27.0,0.25,1.64,1.6,2.47,2.4,2.45,3.10,2.60
E0,2016-03-20,Tottenham,Bournemouth,3.0,0.0,H,2.0,0.0,H,N Swarbrick,17.0,2.0,8.0,0.0,11.0,6.0,4.0,5.0,0.0,1.0,0.0,0.0,1.53,4.33,7.0,1.5,4.33,5.75,1.5,4.0,6.1,1.53,4.0,6.0,1.56,4.41,6.57,1.57,3.75,6.5,1.53,4.4,7.0,46.0,1.57,1.53,4.5,4.24,7.0,6.2,38.0,1.8,1.73,2.23,2.09,31.0,-1.0,1.96,1.88,2.04,1.98,1.45,4.05,5.60
